profile,phase,model_name,emotion,layer,head,head_spec,alpha,comparison,metric_name,paired,n_baseline,n_patched,n_effective,mean_baseline,mean_patched,std_baseline,std_patched,mean_diff,cohen_d,ci_lower,ci_upper,effect_size_ci_lower,effect_size_ci_upper,t_statistic,p_value,p_value_bonferroni,p_value_fdr,significant_bonferroni,significant_fdr
baseline_smoke,residual,gpt2_small,gratitude,0,,,0.8,patched_vs_neutral,goemotions.admiration,True,3,3,3,0.23073641580413096,0.0007849769899621606,0.39877603654119465,6.34592131357692e-05,-0.2299514388141688,-0.5766181519258801,-0.6904381915810518,0.0004809797101188451,-1.1544424507531073,1.6260772089556463,-0.9987319357020942,0.4231381185306159,1.0,0.42319070448273655,False,False
baseline_smoke,residual,gpt2_small,gratitude,0,,,0.8,patched_vs_neutral,goemotions.amusement,True,3,3,3,0.0004251103625089551,0.000949433830101043,0.0002718796966723955,0.00047502472352829446,0.0005243234675920879,0.7313786079448625,2.4309265427291393e-05,0.0013456722517730668,0.0,1.4623860036532685,1.2667849085295002,0.3327852066798257,1.0,0.3327852066798257,False,False
baseline_smoke,residual,gpt2_small,gratitude,0,,,0.8,patched_vs_neutral,goemotions.anger,True,3,3,3,0.0005329236737452447,0.0008502743827799956,0.0003175116165655498,0.00030990941933611735,0.0003173507090347509,1.5522629024517363,0.0001390775723848492,0.0005405071715358645,0.0,2.960606252777816,2.688598213750739,0.11496809452975722,0.6898085671785433,0.20852088353577747,False,False
baseline_smoke,residual,gpt2_small,gratitude,0,,,0.8,patched_vs_neutral,goemotions.annoyance,True,3,3,3,0.001965758390724659,0.0026611563904831805,0.0016851177145698038,0.0010865071177900802,0.0006953979997585217,1.155724302884017,1.4451565220952034e-05,0.0011553512886166573,0.0,7.796963144983894,2.00177321213724,0.18326232925817879,1.0,0.2748934938872682,False,False
baseline_smoke,residual,gpt2_small,gratitude,0,,,0.8,patched_vs_neutral,goemotions.approval,True,3,3,3,0.0108517986179019,0.0027802000598361096,0.012329626145044445,0.0006132410725810701,-0.008071598558065793,-0.6479148326881148,-0.02202974329702556,0.001919885748066008,-1.5513554156121139,0.0,-1.1222214091933032,0.3784000195082676,1.0,0.4056682063733305,False,False
baseline_smoke,residual,gpt2_small,gratitude,0,,,0.8,patched_vs_neutral,goemotions.caring,True,3,3,3,0.0009263774263672531,0.0008769761770963669,0.0006112853188549203,0.00022151311267711772,-4.940124927088618e-05,-0.06761917554398869,-0.0008135444950312376,0.0006422049482353032,-1.1068060443898435,1.219430592140048,-0.11711984760810727,0.9174663077849787,1.0,0.9174663077849786,False,False
baseline_smoke,residual,gpt2_small,gratitude,0,,,0.8,patched_vs_neutral,goemotions.confusion,True,3,3,3,0.37455140116314095,0.09477673843502998,0.516691584508088,0.08026387410004142,-0.27977466272811097,-0.4936330897827503,-0.934150192886591,0.05570058338344097,-1.0850722141028313,5.243250710480613,-0.8549975918009327,0.4826286434005912,1.0,0.5232085336015143,False,False
baseline_smoke,residual,gpt2_small,gratitude,0,,,0.8,patched_vs_neutral,goemotions.curiosity,True,3,3,3,0.2049286694576343,0.6843686699867249,0.18529245583308526,0.04638461182152399,0.4794400005290906,2.0909747476670084,0.2715425193309784,0.7253675069659948,0.0,3.923479509256065,3.6216745003027717,0.06849880806128829,0.41099284836772976,0.18891360255881562,False,False
baseline_smoke,residual,gpt2_small,gratitude,0,,,0.8,patched_vs_neutral,goemotions.desire,True,3,3,3,0.0005857345143643519,0.0007987830128210286,0.0003208392493208361,0.0004903223718192921,0.0002130484984566768,0.3149164400947089,-0.00019256625091657043,0.0009940358577296138,-10.451450477602322,0.9115637852850261,0.5454512743827565,0.6401457922451048,1.0,0.6431552452030477,False,False
baseline_smoke,residual,gpt2_small,gratitude,0,,,0.8,patched_vs_neutral,goemotions.disappointment,True,3,3,3,0.0005912013972798983,0.0006752339735006293,9.235630145479774e-05,0.00021613179246803707,8.403257622073095e-05,0.3759849499151429,-0.00012878479901701212,0.00031686812872067094,-0.5796141657366215,1.5931998696585168,0.6512250361342672,0.5817303471286333,1.0,0.6980764165543599,False,False
baseline_smoke,residual,gpt2_small,gratitude,0,,,0.8,patched_vs_neutral,goemotions.disapproval,True,3,3,3,0.0012494617452224095,0.0011466322466731071,0.00032220519719563905,0.0005384823749828017,-0.00010282949854930241,-0.4692983025870143,-0.00023016834165900946,0.00015017890837043524,-238.24623193455275,0.1095592413412879,-0.8128485039865414,0.5016782946138832,1.0,0.8714296411431284,False,False
baseline_smoke,residual,gpt2_small,gratitude,0,,,0.8,patched_vs_neutral,goemotions.disgust,True,3,3,3,0.0002435112352638195,0.0003426670543073366,0.0001318577681024093,8.975895431837781e-05,9.915581904351711e-05,2.0829251076149182,4.654133226722479e-05,0.00013924490485806018,0.0,8.172541162137236,3.6077321147499095,0.06897564404011873,0.41385386424071235,0.09534736038063844,False,False
baseline_smoke,residual,gpt2_small,gratitude,0,,,0.8,patched_vs_neutral,goemotions.embarrassment,True,3,3,3,0.00016501560457982123,0.0002147346870818486,5.303136318521461e-05,7.807613153544625e-05,4.9719082502027355e-05,0.7096776034042935,-2.9621049179695547e-05,0.00010306677722837776,0.0,5.948521145603902,1.229197666089952,0.3439894357487301,1.0,0.4127873228984761,False,False
baseline_smoke,residual,gpt2_small,gratitude,0,,,0.8,patched_vs_neutral,goemotions.excitement,True,3,3,3,0.005440668561883892,0.0008629351893129448,0.008526846063373344,0.00034549842200489963,-0.004577733372570947,-0.5548406813162308,-0.014096799190156162,0.0005163057066965848,-1.1736688325238227,0.7593481166227779,-0.9610122501458436,0.4379511468125361,1.0,0.44234894182659734,False,False
baseline_smoke,residual,gpt2_small,gratitude,0,,,0.8,patched_vs_neutral,goemotions.fear,True,3,3,3,0.00035724847111850977,0.0004126026760786772,9.194697111000719e-05,7.502349718714972e-06,5.535420496016741e-05,0.5674622502608666,-3.972661215811968e-05,0.00015519312000833452,-0.18445707328992123,1.9925354396497448,0.9828734488291864,0.429298405925541,1.0,0.57784911034819,False,False
baseline_smoke,residual,gpt2_small,gratitude,0,,,0.8,patched_vs_neutral,goemotions.gratitude,True,3,3,3,0.0006244851877757659,0.0003398466603054355,0.0004175115969413256,7.830321329642279e-05,-0.0002846385274703304,-0.6200576042553649,-0.0007515010074712336,0.00016618194058537483,-2.11808526431263,0.08467785191190083,-1.073971274189728,0.39521341532332943,1.0,0.3952134153233294,False,False
baseline_smoke,residual,gpt2_small,gratitude,0,,,0.8,patched_vs_neutral,goemotions.grief,True,3,3,3,0.00010600446209233876,0.00010180814084984983,4.6611342989154024e-05,5.502243430128617e-06,-4.196321242488921e-06,-0.08251465402523231,-6.195420428412035e-05,3.386405296623707e-05,-0.808064315458223,2.6168277137824445,-0.14291957314067014,0.899452741055039,1.0,0.9988692821393031,False,False
baseline_smoke,residual,gpt2_small,gratitude,0,,,0.8,patched_vs_neutral,goemotions.joy,True,3,3,3,0.0027340358744064965,0.00041970962774939835,0.004085573261497611,0.0001002848896723358,-0.002314326246657098,-0.5784228913795739,-0.006934268923942,2.5251501938328147e-05,-1.1632251914195009,0.1612884984636648,-1.0018578361303159,0.4219353133280451,1.0,0.42425287951660917,False,False
baseline_smoke,residual,gpt2_small,gratitude,0,,,0.8,patched_vs_neutral,goemotions.love,True,3,3,3,0.0018615320441313088,0.00096895817356805,0.0022017625486457004,0.0003923370773719862,-0.0008925738705632588,-0.38579392717982075,-0.0035314285778440535,0.0007875359151512384,-1.1228427348014187,1.3135821640636829,-0.6682146831269772,0.5727889865318088,1.0,0.6873467838381705,False,False
baseline_smoke,residual,gpt2_small,gratitude,0,,,0.8,patched_vs_neutral,goemotions.nervousness,True,3,3,3,0.0002847547245134289,0.00019150954904034734,0.0001441055133133402,2.5917187849303833e-05,-9.324517547308157e-05,-0.5605072469615879,-0.00028046373336110264,3.7607591366395354e-05,-1.4169381076403131,0.29714165782474267,-0.9708270297480265,0.4340432477393177,1.0,0.4340432477393177,False,False
baseline_smoke,residual,gpt2_small,gratitude,0,,,0.8,patched_vs_neutral,goemotions.neutral,True,3,3,3,0.15430314124872288,0.1998033175865809,0.2526493546183572,0.056216726201007684,0.04550017633785804,0.1489982046174467,-0.30620434880256653,0.2432891521602869,-0.47158254897956636,9.027305807294246,0.2580724606339614,0.8204798081952547,1.0,0.8204798081952548,False,False
baseline_smoke,residual,gpt2_small,gratitude,0,,,0.8,patched_vs_neutral,goemotions.optimism,True,3,3,3,0.0017606911909145613,0.0016532124136574566,0.0009739815831250702,0.0007269084221419774,-0.00010747877725710471,-0.07486380279602722,-0.0011901799589395523,0.0015210382989607751,-3.262300785485406,0.6342928643574208,-0.1296679100905361,0.9086939379170564,1.0,0.9086939379170564,False,False
baseline_smoke,residual,gpt2_small,gratitude,0,,,0.8,patched_vs_neutral,goemotions.pride,True,3,3,3,0.00016111613088772478,1.895155279877751e-05,0.00022574912783338122,1.415088891344335e-06,-0.00014216457808894725,-0.6331284820783077,-0.00040140105193131603,-8.434961273451336e-06,-2.9314496908605787,0.0,-1.0966106986785904,0.38722056979255537,1.0,0.39242659229331994,False,False
baseline_smoke,residual,gpt2_small,gratitude,0,,,0.8,patched_vs_neutral,goemotions.realization,True,3,3,3,0.001893442318153878,0.001320987124927342,0.0009695928664418563,0.0002479394241177126,-0.0005724551932265362,-0.715610534186257,-0.001495655276812613,-8.436175994575024e-05,-3.912347752205103,0.0,-1.239473803642102,0.34088212476240753,1.0,0.6192548192507494,False,False
baseline_smoke,residual,gpt2_small,gratitude,0,,,0.8,patched_vs_neutral,goemotions.relief,True,3,3,3,0.00018860683485399932,6.407875601629105e-05,0.0002011028359286464,9.55575463226783e-06,-0.00012452807883770825,-0.6450508659760803,-0.00034744193544611335,-1.2088326911907643e-05,-11.806457338791553,0.0,-1.1172608733368734,0.3800903383720492,1.0,0.3889405389433868,False,False
baseline_smoke,residual,gpt2_small,gratitude,0,,,0.8,patched_vs_neutral,goemotions.remorse,True,3,3,3,0.00020788768112349013,0.00021008800831623375,0.00013756416680134624,3.0185536936984827e-05,2.2003271927436194e-06,0.019000679372077865,-0.00013012973067816347,8.500261174049228e-05,-0.6620316349600628,3.847323058597068,0.03291014205076477,0.9767353138977086,1.0,0.9767353138977087,False,False
baseline_smoke,residual,gpt2_small,gratitude,0,,,0.8,patched_vs_neutral,goemotions.sadness,True,3,3,3,0.00039036998835702735,0.00046057601381714147,8.307673324622616e-05,5.015482838448126e-05,7.020602546011408e-05,0.5279080915148496,-8.253927808254957e-05,0.00016028110985644162,-0.08630767650739762,9.552786231480544,0.9143636362304401,0.4570483303532953,1.0,0.4570483303532953,False,False
baseline_smoke,residual,gpt2_small,gratitude,0,,,0.8,patched_vs_neutral,goemotions.surprise,True,3,3,3,0.0019326240580994636,0.0019449600561832388,0.0013067457736644424,0.0007624993470334837,1.2335998083775243e-05,0.015285215652412754,-0.0009024639148265123,0.000623659259872511,-0.7057026915469476,2.931571015890937,0.026474770114625953,0.9812827900203551,1.0,0.9812827900203551,False,False
baseline_smoke,residual,gpt2_small,gratitude,0,,,0.8,patched_vs_neutral,politeness.NEUTRAL,True,3,3,3,0.9992814461390177,0.9971838196118673,0.00028414816587708054,0.002929664532945547,-0.002097626527150472,-0.7928974095333274,-0.005152404308319092,-0.0005648136138916016,-91.33554368410827,0.0,-1.3733385985014708,0.303336693668079,1.0,0.4061905829576522,False,False
baseline_smoke,residual,gpt2_small,gratitude,0,,,0.8,patched_vs_neutral,politeness.NOT_POLITE,True,3,3,3,0.00023298931773751974,0.0006520738922214756,2.7486137775937303e-05,0.0001743558940039082,0.0004190845744839559,2.0928674684682385,0.0001886933168862015,0.0005512401985470206,0.0,27.57053586477322,3.624952788895045,0.06838738175543421,0.4103242905326053,0.2731874429222397,False,False
baseline_smoke,residual,gpt2_small,gratitude,0,,,0.8,patched_vs_neutral,politeness.POLITE,True,3,3,3,0.00012179282445382948,0.0001702983572613448,2.5368795075315693e-05,2.152104084414036e-05,4.8505532807515315e-05,1.2813444898698854,2.4720196961425245e-05,9.21583705348894e-05,0.0,12.083350781069644,2.219353758453066,0.15666525987590016,0.9399915592554009,0.23499788981385022,False,False
baseline_smoke,residual,gpt2_small,gratitude,0,,,0.8,patched_vs_neutral,politeness.SOMEWHAT_POLITE,True,3,3,3,0.00036376993618129444,0.001993861321049432,0.00023473650106968863,0.0030998942371515464,0.0016300913848681375,0.5688300030737586,-3.378350811544806e-05,0.004939089354593307,-2.5431342619463555,1.1494451855519126,0.9852424661933105,0.4283719575165037,1.0,0.8790509637982198,False,False
baseline_smoke,residual,gpt2_small,gratitude,6,,,0.8,patched_vs_neutral,goemotions.admiration,True,3,3,3,0.23073641580413096,0.0009197033165643612,0.39877603654119465,0.00016468892576146355,-0.2298167124875666,-0.5765393783085366,-0.6900965664535761,0.0004809797101188451,-1.1542853821721657,2.0629063203941094,-0.9985954957945592,0.42319070448273655,1.0,0.42319070448273655,False,False
baseline_smoke,residual,gpt2_small,gratitude,6,,,0.8,patched_vs_neutral,goemotions.amusement,True,3,3,3,0.0004251103625089551,0.001291573765532424,0.0002718796966723955,0.00032646306132634004,0.0008664634030234689,1.9736353692244395,0.0004836569132748991,0.0013456722517730668,0.0,4.079652580926737,3.41843673511169,0.07595337557864469,0.4557202534718682,0.291676815016008,False,False
baseline_smoke,residual,gpt2_small,gratitude,6,,,0.8,patched_vs_neutral,goemotions.anger,True,3,3,3,0.0005329236737452447,0.0007967970644434293,0.0003175116165655498,0.00014969543224696216,0.00026387339069818455,1.0201520133345359,2.8032285626977682e-05,0.0005405064730439335,0.0,2.371959007941266,1.7669551185390986,0.2192711941221485,1.0,0.2192711941221485,False,False
baseline_smoke,residual,gpt2_small,gratitude,6,,,0.8,patched_vs_neutral,goemotions.annoyance,True,3,3,3,0.001965758390724659,0.002284922248994311,0.0016851177145698038,0.0006841508874441876,0.0003191638582696517,0.3125299887315852,-0.0008600137662142515,0.0009163911454379559,-0.26846421482418825,103.32009253243986,0.5413178193720343,0.6425231432824356,1.0,0.6425231432824356,False,False
baseline_smoke,residual,gpt2_small,gratitude,6,,,0.8,patched_vs_neutral,goemotions.approval,True,3,3,3,0.0108517986179019,0.0038734000797073045,0.012329626145044445,0.000773559236789696,-0.006978398538194597,-0.6034044303044259,-0.02005109190940857,0.001919885748066008,-1.4362928933411374,0.1265928958324914,-1.0451271307994192,0.40566820637333045,1.0,0.4056682063733305,False,False
baseline_smoke,residual,gpt2_small,gratitude,6,,,0.8,patched_vs_neutral,goemotions.caring,True,3,3,3,0.0009263774263672531,0.0009977546869777143,0.0006112853188549203,0.0002393177632428768,7.137726061046124e-05,0.12755422429728724,-0.0004762406460940838,0.0006422044825740159,-0.9956083152428192,1.295145314781376,0.22093039720293806,0.845650720949851,1.0,0.9174663077849786,False,False
baseline_smoke,residual,gpt2_small,gratitude,6,,,0.8,patched_vs_neutral,goemotions.confusion,True,3,3,3,0.37455140116314095,0.06247928614417712,0.516691584508088,0.04251083948118169,-0.3120721150189638,-0.5781173412250334,-0.9341501705348492,0.03297247551381588,-1.2221990863425234,0.26236532704084337,-1.0013286077383916,0.4221386890656954,1.0,0.5232085336015143,False,False
baseline_smoke,residual,gpt2_small,gratitude,6,,,0.8,patched_vs_neutral,goemotions.curiosity,True,3,3,3,0.2049286694576343,0.6981180111567179,0.18529245583308526,0.06887717208283968,0.4931893416990836,2.010792886837178,0.23664429783821106,0.7253675069659948,0.0,5.468391501332857,3.482795443500088,0.07347108951627672,0.4408265370976603,0.18891360255881562,False,False
baseline_smoke,residual,gpt2_small,gratitude,6,,,0.8,patched_vs_neutral,goemotions.desire,True,3,3,3,0.0005857345143643519,0.0009759808793508759,0.0003208392493208361,0.0004601948948620858,0.000390246364986524,0.72278300754105,-4.616755177266896e-05,0.0009940344607457519,0.0,1.6552773460855763,1.2518968919085374,0.33717017507541425,1.0,0.6431552452030477,False,False
baseline_smoke,residual,gpt2_small,gratitude,6,,,0.8,patched_vs_neutral,goemotions.disappointment,True,3,3,3,0.0005912013972798983,0.0006189711663561562,9.235630145479774e-05,9.836282807045719e-05,2.7769769076257944e-05,0.2032738927513762,-0.00012878456618636847,0.00012281147064641118,-0.44555298357872825,5.766867461164892,0.3520807100976905,0.7584155480658883,1.0,0.7584155480658884,False,False
baseline_smoke,residual,gpt2_small,gratitude,6,,,0.8,patched_vs_neutral,goemotions.disapproval,True,3,3,3,0.0012494617452224095,0.0009976254077628255,0.00032220519719563905,0.00030366921334416255,-0.00025183633745958406,-10.854336063104192,-0.00027631514240056276,-0.00023016834165900946,-22.29588502319523,0.0,-18.800261543723604,0.0028173051259533137,0.016903830755719884,0.016903830755719884,True,True
baseline_smoke,residual,gpt2_small,gratitude,6,,,0.8,patched_vs_neutral,goemotions.disgust,True,3,3,3,0.0002435112352638195,0.00038020158535800874,0.0001318577681024093,6.647234328679798e-05,0.00013669035009418926,1.7333010356797092,5.658282316289842e-05,0.00021424332226160914,0.0,4.370491727832297,3.0021654586090114,0.09534736038063843,0.5720841622838306,0.09534736038063844,False,False
baseline_smoke,residual,gpt2_small,gratitude,6,,,0.8,patched_vs_neutral,goemotions.embarrassment,True,3,3,3,0.00016501560457982123,0.00019457478386660418,5.303136318521461e-05,4.763528877459628e-05,2.955917928678294e-05,0.5632026807727986,-2.9621049179695547e-05,7.045659003779292e-05,-0.0849676318160015,4.818917241869151,0.9754956580574825,0.43219763818739165,1.0,0.4321976381873916,False,False
baseline_smoke,residual,gpt2_small,gratitude,6,,,0.8,patched_vs_neutral,goemotions.excitement,True,3,3,3,0.005440668561883892,0.0009581032791174948,0.008526846063373344,0.00038831631279345107,-0.004482565282766397,-0.5485286519492755,-0.0139130704337731,0.0005163064633961767,-1.161064390531705,0.9991810788144803,-0.95007949458341,0.44234894182659734,1.0,0.44234894182659734,False,False
baseline_smoke,residual,gpt2_small,gratitude,6,,,0.8,patched_vs_neutral,goemotions.fear,True,3,3,3,0.00035724847111850977,0.00047913695258709293,9.194697111000719e-05,0.00011378286894604954,0.00012188848146858315,0.6012190978518764,-3.9726990507915616e-05,0.00034936601878143847,-0.14125775120293393,1.485513692929878,1.0413420239601745,0.4070630355119693,1.0,0.57784911034819,False,False
baseline_smoke,residual,gpt2_small,gratitude,6,,,0.8,patched_vs_neutral,goemotions.gratitude,True,3,3,3,0.0006244851877757659,0.00026442060091843206,0.0004175115969413256,2.716563031385113e-05,-0.0003600645868573338,-0.8097745139275204,-0.0008433338080067188,3.173644654452801e-05,-1.964152999253758,0.0,-1.4025706007968568,0.29582200601134123,1.0,0.3772753840155985,False,False
baseline_smoke,residual,gpt2_small,gratitude,6,,,0.8,patched_vs_neutral,goemotions.grief,True,3,3,3,0.00010600446209233876,0.00010512867690219234,4.6611342989154024e-05,2.6201107831043925e-06,-8.757851901464164e-07,-0.01964655895202719,-5.113900260766968e-05,3.386405296623707e-05,-0.7690539413447878,2.4749425911897522,-0.03402883829880825,0.9759449403855889,1.0,0.9988692821393031,False,False
baseline_smoke,residual,gpt2_small,gratitude,6,,,0.8,patched_vs_neutral,goemotions.joy,True,3,3,3,0.0027340358744064965,0.0004545801105753829,0.004085573261497611,0.00012727333177430124,-0.002279455763831114,-0.5749505379180135,-0.00685712177073583,5.2715797210112214e-05,-1.163321576770348,0.4760585682201529,-0.9958435435130557,0.42425287951660917,1.0,0.42425287951660917,False,False
baseline_smoke,residual,gpt2_small,gratitude,6,,,0.8,patched_vs_neutral,goemotions.love,True,3,3,3,0.0018615320441313088,0.0016789370371649663,0.0022017625486457004,0.0008193394494766139,-0.00018259500696634254,-0.129311040925996,-0.0018025832250714302,0.0007875345181673765,-0.7981458999394282,3.681700700174679,-0.22397329286344347,0.8435765250049833,1.0,0.8435765250049833,False,False
baseline_smoke,residual,gpt2_small,gratitude,6,,,0.8,patched_vs_neutral,goemotions.nervousness,True,3,3,3,0.0002847547245134289,0.0001883871688429887,0.0001441055133133402,4.247888665504825e-05,-9.63675556704402e-05,-0.6036826914940608,-0.00028046357329003513,3.6880519473925233e-06,-1.2343288186538122,0.0,-1.0456090933176414,0.40549098476675083,1.0,0.4340432477393177,False,False
baseline_smoke,residual,gpt2_small,gratitude,6,,,0.8,patched_vs_neutral,goemotions.neutral,True,3,3,3,0.15430314124872288,0.21549479166666666,0.2526493546183572,0.030030444038648966,0.0611916504179438,0.2728610675491149,-0.19755910336971283,0.19941572565585375,-0.32484526199528974,18.939541099085528,0.47260923240255037,0.6830451823091,1.0,0.81965421877092,False,False
baseline_smoke,residual,gpt2_small,gratitude,6,,,0.8,patched_vs_neutral,goemotions.optimism,True,3,3,3,0.0017606911909145613,0.0026044969369346895,0.0009739815831250702,0.0013374083710219616,0.0008438057460201284,0.9067160524912171,-0.0002173521788790822,0.0015210362034849823,0.0,8.404869735842471,1.5704782709530773,0.25689013407846273,1.0,0.5956684803892308,False,False
baseline_smoke,residual,gpt2_small,gratitude,6,,,0.8,patched_vs_neutral,goemotions.pride,True,3,3,3,0.00016111613088772478,1.9892955606337637e-05,0.00022574912783338122,2.9430267290551773e-06,-0.00014122317528138714,-0.6335517704716468,-0.00039857038427726366,-8.441420504823327e-06,-2.9342081282646233,0.0,-1.097343855682108,0.3869648180848191,1.0,0.39242659229331994,False,False
baseline_smoke,residual,gpt2_small,gratitude,6,,,0.8,patched_vs_neutral,goemotions.realization,True,3,3,3,0.001893442318153878,0.0013797530361140768,0.0009695928664418563,0.0003059758082715704,-0.0005136892820398012,-0.7012629452843371,-0.0013594982447102666,-8.436129428446293e-05,-12.528398822201893,0.0,-1.2146230506978655,0.3484544296105897,1.0,0.6192548192507494,False,False
baseline_smoke,residual,gpt2_small,gratitude,6,,,0.8,patched_vs_neutral,goemotions.relief,True,3,3,3,0.00018860683485399932,7.103782142318475e-05,0.0002011028359286464,1.4679891525236515e-05,-0.00011756901343081456,-0.6302900518168706,-0.0003329420942463912,-7.676619134144858e-06,-4.168566152442421,0.0,-1.0916943932520402,0.38894053894338676,1.0,0.3889405389433868,False,False
baseline_smoke,residual,gpt2_small,gratitude,6,,,0.8,patched_vs_neutral,goemotions.remorse,True,3,3,3,0.00020788768112349013,0.0002157612422403569,0.00013756416680134624,2.130653504152978e-05,7.873561116866767e-06,0.06540874781410215,-0.00013012973067816347,9.124173084273934e-05,-0.5926723685005744,4.9227733333693235,0.11329127447348467,0.9201467890537673,1.0,0.9767353138977087,False,False
baseline_smoke,residual,gpt2_small,gratitude,6,,,0.8,patched_vs_neutral,goemotions.sadness,True,3,3,3,0.00039036998835702735,0.0004812596016563475,8.307673324622616e-05,8.282181870017184e-06,9.088961329932015e-05,1.0317481010504947,-8.218485163524747e-06,0.00016028140089474618,0.0,6.4198064823521985,1.7870401316321651,0.21584174666559877,1.0,0.4570483303532953,False,False
baseline_smoke,residual,gpt2_small,gratitude,6,,,0.8,patched_vs_neutral,goemotions.surprise,True,3,3,3,0.0019326240580994636,0.0016755581988642614,0.0013067457736644424,0.0005130056946456349,-0.00025706585923520225,-0.27854365395133995,-0.001217016950249672,0.0006236603076104075,-1.4511176329809976,0.7703848083477602,-0.48245176076960417,0.6771261270381427,1.0,0.9812827900203551,False,False
baseline_smoke,residual,gpt2_small,gratitude,6,,,0.8,patched_vs_neutral,politeness.NEUTRAL,True,3,3,3,0.9992814461390177,0.9975143273671468,0.00028414816587708054,0.0032166141341971595,-0.001767118771870931,-0.6025850206525378,-0.005152404308319092,-5.125999450683594e-06,-1.218712729806378,0.0,-1.0437078716501367,0.4061905829576522,1.0,0.4061905829576522,False,False
baseline_smoke,residual,gpt2_small,gratitude,6,,,0.8,patched_vs_neutral,politeness.NOT_POLITE,True,3,3,3,0.00023298931773751974,0.0003343956486787647,2.7486137775937303e-05,0.00010596930224918683,0.00010140633094124496,1.2239933308409503,2.385629341006279e-05,0.0001886933168862015,0.0,2.791163016276675,2.120018637141988,0.16810690467119513,1.0,0.2731874429222397,False,False
baseline_smoke,residual,gpt2_small,gratitude,6,,,0.8,patched_vs_neutral,politeness.POLITE,True,3,3,3,0.00012179282445382948,0.0001548741881075936,2.5368795075315693e-05,2.857196416663909e-05,3.308136365376413e-05,0.9482351722628055,3.134366124868393e-06,7.138952787499875e-05,0.0,2.0721475270577487,1.6423914958830057,0.24221568353191214,1.0,0.24221568353191214,False,False
baseline_smoke,residual,gpt2_small,gratitude,6,,,0.8,patched_vs_neutral,politeness.SOMEWHAT_POLITE,True,3,3,3,0.00036376993618129444,0.0019964347156928852,0.00023473650106968863,0.003097706120298608,0.0016326647795115907,0.570174411561339,-2.1910032955929637e-05,0.004939089354593307,-13.348740010911461,1.1479987378710725,0.9875710499999264,0.4274634470352786,1.0,0.8790509637982198,False,False
baseline_smoke,residual,gpt2_small,anger,0,,,0.8,patched_vs_neutral,goemotions.admiration,True,3,3,3,0.23073641580413096,0.0006151743000373244,0.39877603654119465,0.00012019146653835503,-0.23012124150409363,-0.5770536137363689,-0.6906003288459033,0.00012653766316361725,-1.1544245311456958,12.72905242297114,-0.9994861776826167,0.42284755192774326,1.0,0.42319070448273655,False,False
baseline_smoke,residual,gpt2_small,anger,0,,,0.8,patched_vs_neutral,goemotions.amusement,True,3,3,3,0.0004251103625089551,0.000785040397507449,0.0002718796966723955,9.204061209843755e-05,0.0003599300349984939,1.3594511818717114,6.029941141605377e-05,0.000562325309147127,0.0,8.684505028500437,2.3546385174113627,0.1427369203538271,0.8564215221229625,0.291676815016008,False,False
baseline_smoke,residual,gpt2_small,anger,0,,,0.8,patched_vs_neutral,goemotions.anger,True,3,3,3,0.0005329236737452447,0.0008699010165097812,0.0003175116165655498,0.00021693667667829972,0.00033697734276453656,1.1975523163739807,0.00013690185733139515,0.0006587283860426396,0.0,4.179205532747035,2.074221456681533,0.17376740294648121,1.0,0.20852088353577747,False,False
baseline_smoke,residual,gpt2_small,anger,0,,,0.8,patched_vs_neutral,goemotions.annoyance,True,3,3,3,0.001965758390724659,0.0030445849988609552,0.0016851177145698038,0.0006311906859222418,0.0010788266081362963,0.9456281289700333,-0.00023019732907414436,0.0018613904248923063,0.0,12.011389507682587,1.6378759644423928,0.24310483279743872,1.0,0.29172579935692644,False,False
baseline_smoke,residual,gpt2_small,anger,0,,,0.8,patched_vs_neutral,goemotions.approval,True,3,3,3,0.0108517986179019,0.002654769845927755,0.012329626145044445,0.0004929910307317552,-0.008197028771974146,-0.6744309561056088,-0.0220559851732105,0.0006472676759585738,-1.4467497344006792,0.0,-1.1681486821721696,0.36315571984004824,1.0,0.4056682063733305,False,False
baseline_smoke,residual,gpt2_small,anger,0,,,0.8,patched_vs_neutral,goemotions.caring,True,3,3,3,0.0009263774263672531,0.0007337404337401191,0.0006112853188549203,0.00011842082250942647,-0.00019263699262713393,-0.2959461323961559,-0.0009026108309626579,0.00037600513314828277,-1.2590853291035111,0.9467408233234305,-0.5125937376136478,0.6592351547410265,1.0,0.9174663077849786,False,False
baseline_smoke,residual,gpt2_small,anger,0,,,0.8,patched_vs_neutral,goemotions.confusion,True,3,3,3,0.37455140116314095,0.11116425941387813,0.516691584508088,0.045818510253090576,-0.2633871417492628,-0.4829987836861301,-0.891807459294796,0.0852594505995512,-1.12344907254959,1.5667988909973234,-0.836578433338347,0.49086170642775395,1.0,0.5232085336015143,False,False
baseline_smoke,residual,gpt2_small,anger,0,,,0.8,patched_vs_neutral,goemotions.curiosity,True,3,3,3,0.2049286694576343,0.5504898031552633,0.18529245583308526,0.021182199615362877,0.345561133697629,1.7427597736297766,0.16807398200035095,0.5595653261989355,0.0,3.2913660162246083,3.0185484733140084,0.09445680127940781,0.5667408076764469,0.18891360255881562,False,False
baseline_smoke,residual,gpt2_small,anger,0,,,0.8,patched_vs_neutral,goemotions.desire,True,3,3,3,0.0005857345143643519,0.000782581822325786,0.0003208392493208361,0.0004119347123950087,0.00019684730796143413,0.32925920486233523,-0.00017927150474861264,0.0008862294489517808,-4.362669800514462,0.953594097282057,0.5702936716812942,0.6260055661460894,1.0,0.6431552452030477,False,False
baseline_smoke,residual,gpt2_small,anger,0,,,0.8,patched_vs_neutral,goemotions.disappointment,True,3,3,3,0.0005912013972798983,0.0007240469567477703,9.235630145479774e-05,0.00010804138182001012,0.000132845559467872,2.013170523761521,7.925811223685741e-05,0.00020655128173530102,0.0,5.256357923511176,3.486913631455002,0.07331625482318013,0.4398975289390808,0.14663250964636027,False,False
baseline_smoke,residual,gpt2_small,anger,0,,,0.8,patched_vs_neutral,goemotions.disapproval,True,3,3,3,0.0012494617452224095,0.0011908711943154533,0.00032220519719563905,0.0003212515865495905,-5.8590550906956196e-05,-0.6600499277213118,-0.0001240978017449379,4.243571311235428e-05,-6.590249914282864,0.0,-1.1432400103454772,0.37133328457108217,1.0,0.8714296411431284,False,False
baseline_smoke,residual,gpt2_small,anger,0,,,0.8,patched_vs_neutral,goemotions.disgust,True,3,3,3,0.0002435112352638195,0.0003803065143680821,0.0001318577681024093,0.00010570428695706006,0.0001367952791042626,4.601306129577639,0.00010442547500133514,0.00016287965991068631,0.0,13.671675031435319,7.969695997606576,0.015381733307587544,0.09229039984552526,0.09229039984552526,False,False
baseline_smoke,residual,gpt2_small,anger,0,,,0.8,patched_vs_neutral,goemotions.embarrassment,True,3,3,3,0.00016501560457982123,0.00024001074295180538,5.303136318521461e-05,4.9626141113866003e-05,7.499513837198417e-05,1.8346620724952816,2.790337020996958e-05,0.00010131372255273163,0.0,31.06698713710105,3.1777279242814425,0.08639023617299946,0.5183414170379967,0.17278047234599891,False,False
baseline_smoke,residual,gpt2_small,anger,0,,,0.8,patched_vs_neutral,goemotions.excitement,True,3,3,3,0.005440668561883892,0.0008251120064718028,0.008526846063373344,0.00026766145880343604,-0.0046155565554120885,-0.5578374666736364,-0.01416626782156527,0.00037726006121374667,-1.1617794341433347,0.9250654355125972,-0.9662028346442485,0.43587971841812645,1.0,0.44234894182659734,False,False
baseline_smoke,residual,gpt2_small,anger,0,,,0.8,patched_vs_neutral,goemotions.fear,True,3,3,3,0.00035724847111850977,0.00043548012035898864,9.194697111000719e-05,2.091347031648387e-05,7.823164924047887e-05,0.7569497308557946,-2.9817165341228247e-05,0.00017613722593523562,0.0,2.898840413150419,1.3110753926178234,0.3201402582023203,1.0,0.57784911034819,False,False
baseline_smoke,residual,gpt2_small,anger,0,,,0.8,patched_vs_neutral,goemotions.gratitude,True,3,3,3,0.0006244851877757659,0.0002985638372289638,0.0004175115969413256,2.4288316254402337e-05,-0.0003259213505468021,-0.8288397270529183,-0.0007536118500865996,1.9974395399913192e-05,-1.9846355891047545,0.0,-1.435592518587175,0.2876086213210968,1.0,0.3772753840155985,False,False
baseline_smoke,residual,gpt2_small,anger,0,,,0.8,patched_vs_neutral,goemotions.grief,True,3,3,3,0.00010600446209233876,0.00010918902262346819,4.6611342989154024e-05,5.999200604595004e-06,3.18456053112944e-06,0.06061877016528725,-5.582073936238885e-05,4.487845581024885e-05,-0.6895330077433726,2.610665536802548,0.10499478981861794,0.9259612408034092,1.0,0.9988692821393031,False,False
baseline_smoke,residual,gpt2_small,anger,0,,,0.8,patched_vs_neutral,goemotions.joy,True,3,3,3,0.0027340358744064965,0.0003945085530479749,0.004085573261497611,0.00011972077963226794,-0.002339527321358522,-0.5894897869097733,-0.006920523708686233,5.9102021623402834e-05,-1.1949482032382583,0.0,-1.021026261470678,0.4146414009424001,1.0,0.42425287951660917,False,False
baseline_smoke,residual,gpt2_small,anger,0,,,0.8,patched_vs_neutral,goemotions.love,True,3,3,3,0.0018615320441313088,0.000740441590702782,0.0022017625486457004,0.00012733837244117947,-0.0011210904534285266,-0.5215101048809971,-0.003598316223360598,0.00025436520809307694,-1.1640505964202614,1.032429491147724,-0.903281998314461,0.4617137023139639,1.0,0.6873467838381705,False,False
baseline_smoke,residual,gpt2_small,anger,0,,,0.8,patched_vs_neutral,goemotions.nervousness,True,3,3,3,0.0002847547245134289,0.00020436718962931386,0.0001441055133133402,2.1248262825023634e-05,-8.038753488411506e-05,-0.589617815624424,-0.0002355374163016677,2.030748873949051e-05,-1.3689929941005206,0.18332179242244614,-1.0212480137092808,0.41455783971708415,1.0,0.4340432477393177,False,False
baseline_smoke,residual,gpt2_small,anger,0,,,0.8,patched_vs_neutral,goemotions.neutral,True,3,3,3,0.15430314124872288,0.3173285623391469,0.2526493546183572,0.04656095209584213,0.16302542109042406,0.546287173096648,-0.18138131499290466,0.34498182870447636,-0.04247270474617415,30.05546171569388,0.9461971393265682,0.4439220575839058,1.0,0.6658830863758587,False,False
baseline_smoke,residual,gpt2_small,anger,0,,,0.8,patched_vs_neutral,goemotions.optimism,True,3,3,3,0.0017606911909145613,0.0013838326558470726,0.0009739815831250702,0.00025385271736719743,-0.00037685853506748873,-0.475958556220952,-0.001140944310463965,0.0004399932804517448,-2.2008286795074556,0.2990010060135663,-0.8243844016718169,0.496390400324359,1.0,0.5956684803892308,False,False
baseline_smoke,residual,gpt2_small,anger,0,,,0.8,patched_vs_neutral,goemotions.pride,True,3,3,3,0.00016111613088772478,2.0811920573275227e-05,0.00022574912783338122,2.3374160464875876e-06,-0.00014030421031444953,-0.6273668507315397,-0.00039849210588727146,-6.848204066045582e-06,-2.514315211857435,0.0,-1.0866312604515067,0.3907209679898809,1.0,0.39242659229331994,False,False
baseline_smoke,residual,gpt2_small,anger,0,,,0.8,patched_vs_neutral,goemotions.realization,True,3,3,3,0.001893442318153878,0.0016375197640930612,0.0009695928664418563,0.0003576048233113051,-0.00025592255406081676,-0.35279994536108955,-0.0010912558063864708,0.00021536299027502537,-0.9985547712061872,2.901082846736575,-0.611067430272931,0.6033537469221909,1.0,0.6192548192507494,False,False
baseline_smoke,residual,gpt2_small,anger,0,,,0.8,patched_vs_neutral,goemotions.relief,True,3,3,3,0.00018860683485399932,6.490438924326251e-05,0.0002011028359286464,1.1262874702260845e-05,-0.00012370244561073682,-0.6506710495177457,-0.0003431040022405796,-7.598504453198984e-06,-2.1823954524368494,0.0,-1.1269953167789004,0.37678145256746964,1.0,0.3889405389433868,False,False
baseline_smoke,residual,gpt2_small,anger,0,,,0.8,patched_vs_neutral,goemotions.remorse,True,3,3,3,0.00020788768112349013,0.00019851573839938888,0.00013756416680134624,2.8895426621312052e-05,-9.371942724101245e-06,-0.08613651485227901,-0.00013500718341674656,5.355570465326309e-05,-0.6642117063232544,420.96088727292727,-0.14919282011105847,0.8950869316717252,1.0,0.9767353138977087,False,False
baseline_smoke,residual,gpt2_small,anger,0,,,0.8,patched_vs_neutral,goemotions.sadness,True,3,3,3,0.00039036998835702735,0.0004852874262724072,8.307673324622616e-05,6.310996643857436e-05,9.491743791537981e-05,0.6507740444259195,-6.983574712648988e-05,0.00020755009609274566,0.0,5.363397540366176,1.1271737091927783,0.37672112426538407,1.0,0.4570483303532953,False,False
baseline_smoke,residual,gpt2_small,anger,0,,,0.8,patched_vs_neutral,goemotions.surprise,True,3,3,3,0.0019326240580994636,0.0021978055980677405,0.0013067457736644424,0.0006236536255713747,0.00026518153996827704,0.3180227522505035,-0.0006330749019980431,0.0010145567648578435,-0.46980707997815296,2.3490134264232583,0.5508315648607617,0.6370617967745871,1.0,0.9812827900203551,False,False
baseline_smoke,residual,gpt2_small,anger,0,,,0.8,patched_vs_neutral,politeness.NEUTRAL,True,3,3,3,0.9992814461390177,0.99710613489151,0.00028414816587708054,0.0022437997588201815,-0.002175311247507731,-0.947271389714512,-0.004729151725769043,-0.0002804398536682129,-1.9721724790224973,0.0,-1.6407221755419132,0.24254389726295078,1.0,0.4061905829576522,False,False
baseline_smoke,residual,gpt2_small,anger,0,,,0.8,patched_vs_neutral,politeness.NOT_POLITE,True,3,3,3,0.00023298931773751974,0.002375194482738152,2.7486137775937303e-05,0.0021601225932218397,0.0021422051650006324,0.9927760813535819,0.00020335178123787045,0.004466883052373305,0.0,2.277053557908356,1.7195386134435369,0.22765620243519974,1.0,0.2731874429222397,False,False
baseline_smoke,residual,gpt2_small,anger,0,,,0.8,patched_vs_neutral,politeness.POLITE,True,3,3,3,0.00012179282445382948,0.0001928478256256009,2.5368795075315693e-05,3.0334058417634165e-05,7.105500117177144e-05,1.4111437148193289,1.3032171409577131e-05,0.0001032936925184913,0.0,27.1410564817026,2.444172610848564,0.13444571870478522,0.8066743122287113,0.23499788981385022,False,False
baseline_smoke,residual,gpt2_small,anger,0,,,0.8,patched_vs_neutral,politeness.SOMEWHAT_POLITE,True,3,3,3,0.00036376993618129444,0.00032579575296646607,0.00023473650106968863,8.784382795153461e-05,-3.797418321482837e-05,-0.18380409947582077,-0.000253091799095273,0.00015890116628725082,-1.3011553709779993,0.9633771737827383,-0.3183580389315656,0.7803827579406706,1.0,0.8790509637982198,False,False
baseline_smoke,residual,gpt2_small,anger,6,,,0.8,patched_vs_neutral,goemotions.admiration,True,3,3,3,0.23073641580413096,0.0005570263601839542,0.39877603654119465,4.077422737969926e-05,-0.230179389443947,-0.5772722882637845,-0.6906003288459033,0.00016796370618976653,-1.1549659373035868,0.4853117061493501,-0.9998649330744216,0.4227017216052551,1.0,0.42319070448273655,False,False
baseline_smoke,residual,gpt2_small,anger,6,,,0.8,patched_vs_neutral,goemotions.amusement,True,3,3,3,0.0004251103625089551,0.0006840393762104213,0.0002718796966723955,8.219681874506352e-05,0.0002589290137014662,0.9926340584427011,6.029941141605377e-05,0.0005543372972169891,0.0,2.1801369620949997,1.7192926225460528,0.22770078867187116,1.0,0.291676815016008,False,False
baseline_smoke,residual,gpt2_small,anger,6,,,0.8,patched_vs_neutral,goemotions.anger,True,3,3,3,0.0005329236737452447,0.0008478359668515623,0.0003175116165655498,0.00021623222777218814,0.0003149122931063175,1.4211843319767146,0.00016061472706496716,0.0005688203673344105,0.0,6.2416969619195575,2.4615634699045037,0.13291331051085142,0.7974798630651085,0.20852088353577747,False,False
baseline_smoke,residual,gpt2_small,anger,6,,,0.8,patched_vs_neutral,goemotions.annoyance,True,3,3,3,0.001965758390724659,0.0031120359587172666,0.0016851177145698038,0.0009420172330402987,0.0011462775679926078,1.5333779758669681,0.0002836736384779215,0.0016052867285907269,0.0,49.598029993277606,2.655888561408713,0.11733533316989621,0.7040119990193773,0.23467066633979242,False,False
baseline_smoke,residual,gpt2_small,anger,6,,,0.8,patched_vs_neutral,goemotions.approval,True,3,3,3,0.0108517986179019,0.0024042786875118813,0.012329626145044445,0.0004139265207460367,-0.00844751993039002,-0.7054271872977378,-0.0220559851732105,0.00048012437764555216,-1.5114183443040812,0.0,-1.2218357294400883,0.34623625980011485,1.0,0.4056682063733305,False,False
baseline_smoke,residual,gpt2_small,anger,6,,,0.8,patched_vs_neutral,goemotions.caring,True,3,3,3,0.0009263774263672531,0.0007195703025596837,0.0006112853188549203,0.00017330700120416149,-0.00020680712380756935,-0.31337986777876814,-0.0009026108309626579,0.0004101552185602486,-1.4408227952426695,0.7428169555298975,-0.5427898530620433,0.6416757050495033,1.0,0.9174663077849786,False,False
baseline_smoke,residual,gpt2_small,anger,6,,,0.8,patched_vs_neutral,goemotions.confusion,True,3,3,3,0.37455140116314095,0.12110329046845436,0.516691584508088,0.07389061336777353,-0.2534481106946866,-0.4499832398207035,-0.9036304093897343,0.0852594505995512,-1.050188158316116,4.8452860626771495,-0.7793938339239093,0.5173319236445822,1.0,0.5232085336015143,False,False
baseline_smoke,residual,gpt2_small,anger,6,,,0.8,patched_vs_neutral,goemotions.curiosity,True,3,3,3,0.2049286694576343,0.5287659565607706,0.18529245583308526,0.12742997733918301,0.32383728710313636,1.0363068537971585,0.019004911184310913,0.6434628572314978,0.0,2.755328636298733,1.794936123008531,0.21451289418158595,1.0,0.21451289418158595,False,False
baseline_smoke,residual,gpt2_small,anger,6,,,0.8,patched_vs_neutral,goemotions.desire,True,3,3,3,0.0005857345143643519,0.0007568799095073094,0.0003208392493208361,0.00036743005882489864,0.00017114539514295757,0.3118966427229339,-0.00017927150474861264,0.0008035242790356278,-3.958589196001496,0.944778868066169,0.5402208319062792,0.6431552452030477,1.0,0.6431552452030477,False,False
baseline_smoke,residual,gpt2_small,anger,6,,,0.8,patched_vs_neutral,goemotions.disappointment,True,3,3,3,0.0005912013972798983,0.0007121355350439748,9.235630145479774e-05,0.0001007628573471974,0.0001209341377640764,1.6920620667887853,5.3920375648885965e-05,0.0001961547532118857,0.0,3.4950494293233985,2.9307374692381796,0.09937315505103354,0.5962389303062012,0.1490597325765503,False,False
baseline_smoke,residual,gpt2_small,anger,6,,,0.8,patched_vs_neutral,goemotions.disapproval,True,3,3,3,0.0012494617452224095,0.001236889239711066,0.00032220519719563905,0.00043885600899548437,-1.257250551134348e-05,-0.10585582047899778,-0.0001240978017449379,0.00011231261305510998,-1.612255599236095,0.8297981651531278,-0.1833476593465142,0.8714296411431284,1.0,0.8714296411431284,False,False
baseline_smoke,residual,gpt2_small,anger,6,,,0.8,patched_vs_neutral,goemotions.disgust,True,3,3,3,0.0002435112352638195,0.0003514703906451662,0.0001318577681024093,8.241866411112695e-05,0.00010795915538134675,2.1810682154937497,5.134791717864573e-05,0.0001430807024007663,0.0,17.602349481139978,3.7777209640087595,0.06347277025233862,0.38083662151403175,0.09534736038063844,False,False
baseline_smoke,residual,gpt2_small,anger,6,,,0.8,patched_vs_neutral,goemotions.embarrassment,True,3,3,3,0.00016501560457982123,0.00023062736242233464,5.303136318521461e-05,4.786025610611401e-05,6.561175784251343e-05,1.3617132984725875,1.0806048521772027e-05,0.00010131372255273163,0.0,9.994898677460519,2.358556618296725,0.14235945329093921,0.8541567197456352,0.2135391799364088,False,False
baseline_smoke,residual,gpt2_small,anger,6,,,0.8,patched_vs_neutral,goemotions.excitement,True,3,3,3,0.005440668561883892,0.000802818084290872,0.008526846063373344,0.0002915349281639426,-0.00463785047759302,-0.5618103429465897,-0.01416626782156527,0.00036107099731452763,-1.168050719473785,0.7549019656782341,-0.9730840582011886,0.4331499298371132,1.0,0.44234894182659734,False,False
baseline_smoke,residual,gpt2_small,anger,6,,,0.8,patched_vs_neutral,goemotions.fear,True,3,3,3,0.00035724847111850977,0.00040093200126041967,9.194697111000719e-05,3.122825974934717e-05,4.368353014190992e-05,0.3640995200165289,-5.770678399130702e-05,0.00017613722593523562,-0.8438845024615574,1.2883791651622407,0.6306388676800695,0.5927296209889952,1.0,0.5927296209889952,False,False
baseline_smoke,residual,gpt2_small,anger,6,,,0.8,patched_vs_neutral,goemotions.gratitude,True,3,3,3,0.0006244851877757659,0.00031218376049461466,0.0004175115969413256,1.147526564028338e-05,-0.00031230142728115123,-0.7689732763783119,-0.0007536118500865996,4.573509795591235e-05,-1.9108941613831034,0.0,-1.3319007843499406,0.3143961533463321,1.0,0.3772753840155985,False,False
baseline_smoke,residual,gpt2_small,anger,6,,,0.8,patched_vs_neutral,goemotions.grief,True,3,3,3,0.00010600446209233876,0.00010605077598787223,4.6611342989154024e-05,3.617136820652189e-06,4.631389553348223e-08,0.0009232278574370295,-5.582073936238885e-05,4.1235027310904115e-05,-0.7931765992908583,2.1167333187988984,0.0015990775560438912,0.9988692821393031,1.0,0.9988692821393031,False,False
baseline_smoke,residual,gpt2_small,anger,6,,,0.8,patched_vs_neutral,goemotions.joy,True,3,3,3,0.0027340358744064965,0.0003741067290926973,0.004085573261497611,0.00013543543169232197,-0.0023599291453137994,-0.5974036597551572,-0.006920523708686233,-4.297093255445361e-06,-1.2040986038842445,0.0,-1.0347334913235227,0.40951116160034706,1.0,0.42425287951660917,False,False
baseline_smoke,residual,gpt2_small,anger,6,,,0.8,patched_vs_neutral,goemotions.love,True,3,3,3,0.0018615320441313088,0.0006194562301971018,0.0022017625486457004,0.0001662266025885287,-0.001242075813934207,-0.608667634454155,-0.003598316223360598,-4.555069608613849e-05,-3.298044529278925,0.0,-1.0542432677973572,0.4023307693016339,1.0,0.6873467838381705,False,False
baseline_smoke,residual,gpt2_small,anger,6,,,0.8,patched_vs_neutral,goemotions.nervousness,True,3,3,3,0.0002847547245134289,0.00019845830684062093,0.0001441055133133402,2.5190663834562936e-05,-8.629641767280798e-05,-0.6219226532438937,-0.00024501155712641776,1.205498119816184e-05,-1.3597258438263868,0.0,-1.077201633796465,0.39406157408792974,1.0,0.4340432477393177,False,False
baseline_smoke,residual,gpt2_small,anger,6,,,0.8,patched_vs_neutral,goemotions.neutral,True,3,3,3,0.15430314124872288,0.32996522386868793,0.2526493546183572,0.05878274567416137,0.17566208261996508,0.8003904113694441,-0.07229328155517578,0.34498182870447636,0.0,6.011741650451377,1.3863168583828314,0.2999715957482062,1.0,0.5999431914964124,False,False
baseline_smoke,residual,gpt2_small,anger,6,,,0.8,patched_vs_neutral,goemotions.optimism,True,3,3,3,0.0017606911909145613,0.0013087898454008002,0.0009739815831250702,0.0003766720548494072,-0.00045190134551376104,-0.5439498507694673,-0.001140944310463965,0.00047063938109204173,-3.7606901712279144,0.1277917553809802,-0.9421487783022262,0.44556882791454633,1.0,0.5956684803892308,False,False
baseline_smoke,residual,gpt2_small,anger,6,,,0.8,patched_vs_neutral,goemotions.pride,True,3,3,3,0.00016111613088772478,2.0598528256717447e-05,0.00022574912783338122,3.0876729227095827e-06,-0.00014051760263100732,-0.6287741168295314,-0.00039849210588727146,-6.091400791774504e-06,-2.1246134122905826,0.0,-1.0890687168329976,0.3898626928835438,1.0,0.39242659229331994,False,False
baseline_smoke,residual,gpt2_small,anger,6,,,0.8,patched_vs_neutral,goemotions.realization,True,3,3,3,0.001893442318153878,0.0016015204212938745,0.0009695928664418563,0.00041490281114409095,-0.00029192189686000347,-0.4143937739791169,-0.0010962492087855935,0.00021536299027502537,-1.1466478252515553,1.1968852352211778,-0.7177510708720443,0.5474250933102598,1.0,0.6192548192507494,False,False
baseline_smoke,residual,gpt2_small,anger,6,,,0.8,patched_vs_neutral,goemotions.relief,True,3,3,3,0.00018860683485399932,6.222170729112501e-05,0.0002011028359286464,1.3374362961357761e-05,-0.00012638512756287432,-0.6732191658453849,-0.0003431040022405796,-1.376019645249471e-05,-3.94844033199264,0.0,-1.166049799873345,0.3638366431704838,1.0,0.3889405389433868,False,False
baseline_smoke,residual,gpt2_small,anger,6,,,0.8,patched_vs_neutral,goemotions.remorse,True,3,3,3,0.00020788768112349013,0.0001903583276240776,0.00013756416680134624,3.324964300171761e-05,-1.7529353499412537e-05,-0.16605007766126248,-0.00013885676162317395,5.333565059117973e-05,-0.8226568854029505,3.9505067891588523,-0.28760717111006445,0.8007104680476603,1.0,0.9767353138977087,False,False
baseline_smoke,residual,gpt2_small,anger,6,,,0.8,patched_vs_neutral,goemotions.sadness,True,3,3,3,0.00039036998835702735,0.00046545918060777086,8.307673324622616e-05,5.701376035610742e-05,7.508919225074351e-05,0.556655824744527,-6.983574712648988e-05,0.00019698645337484777,-0.14284727172530481,2.8735649237397096,0.9641561707866776,0.43669522192206156,1.0,0.4570483303532953,False,False
baseline_smoke,residual,gpt2_small,anger,6,,,0.8,patched_vs_neutral,goemotions.surprise,True,3,3,3,0.0019326240580994636,0.002089783471698562,0.0013067457736644424,0.0005216089116955172,0.0001571594135990987,0.19190001044644528,-0.0006330749019980431,0.0010021111520472914,-0.9134623906846991,1.351922740091579,0.33238056806624156,0.7712056317145902,1.0,0.9812827900203551,False,False
baseline_smoke,residual,gpt2_small,anger,6,,,0.8,patched_vs_neutral,politeness.NEUTRAL,True,3,3,3,0.9992814461390177,0.997592568397522,0.00028414816587708054,0.0024918847217744945,-0.0016888777414957683,-0.6390594087739857,-0.004729151725769043,5.8650970458984375e-05,-1.3130477606074726,0.0,-1.1068833650514711,0.38365460489835823,1.0,0.4061905829576522,False,False
baseline_smoke,residual,gpt2_small,anger,6,,,0.8,patched_vs_neutral,politeness.NOT_POLITE,True,3,3,3,0.00023298931773751974,0.0019157910719513893,2.7486137775937303e-05,0.002403335971785426,0.0016828017542138696,0.6979425722395958,0.0002863655681721866,0.004466883052373305,0.0,57.575533522433226,1.208871995884291,0.3502351555093024,1.0,0.3502351555093024,False,False
baseline_smoke,residual,gpt2_small,anger,6,,,0.8,patched_vs_neutral,politeness.POLITE,True,3,3,3,0.00012179282445382948,0.00018416460079606622,2.5368795075315693e-05,4.0879063461257326e-05,6.237177634223674e-05,1.023882588882249,-7.636321242898703e-06,0.0001032936925184913,0.0,14.538730570726344,1.7734166649292118,0.21816012866146445,1.0,0.24221568353191214,False,False
baseline_smoke,residual,gpt2_small,anger,6,,,0.8,patched_vs_neutral,politeness.SOMEWHAT_POLITE,True,3,3,3,0.00036376993618129444,0.00030746082969320315,0.00023473650106968863,5.972164971559008e-05,-5.630910648809125e-05,-0.22119615970709544,-0.00033731391886249185,0.00015890116628725082,-1.1073265972617123,1.2646571790270467,-0.38312298705180897,0.7385166057955661,1.0,0.8790509637982198,False,False
baseline_smoke,residual,gpt2_small,apology,0,,,0.8,patched_vs_neutral,goemotions.admiration,True,3,3,3,0.23073641580413096,0.0005425828276202083,0.39877603654119465,5.340588622206004e-05,-0.23019383297651075,-0.5773266315456209,-0.6906003288459033,0.00012653766316361725,-1.1549707154732753,0.3582909530285647,-0.9999590583996123,0.42266548956230143,1.0,0.42319070448273655,False,False
baseline_smoke,residual,gpt2_small,apology,0,,,0.8,patched_vs_neutral,goemotions.amusement,True,3,3,3,0.0004251103625089551,0.0006849710868361095,0.0002718796966723955,8.62180216019446e-05,0.00025986072432715446,0.9755882191685215,6.029941141605377e-05,0.000562325309147127,0.0,2.2352277573893655,1.6897683628655205,0.23313595800503886,1.0,0.291676815016008,False,False
baseline_smoke,residual,gpt2_small,apology,0,,,0.8,patched_vs_neutral,goemotions.anger,True,3,3,3,0.0005329236737452447,0.0008821648661978543,0.0003175116165655498,0.00023115620983958423,0.00034924119245260954,1.299115509140023,0.00017369340639561415,0.0006587283860426396,0.0,8.385114591733117,2.25013406673123,0.15333693328185055,0.9200215996911033,0.20852088353577747,False,False
baseline_smoke,residual,gpt2_small,apology,0,,,0.8,patched_vs_neutral,goemotions.annoyance,True,3,3,3,0.001965758390724659,0.0032322125819822154,0.0016851177145698038,0.0009245303993682144,0.0012664541912575562,1.546827199599096,0.00033268542028963566,0.0018613904248923063,0.0,12.011389507682587,2.679183300235119,0.11564252104706423,0.6938551262823853,0.23467066633979242,False,False
baseline_smoke,residual,gpt2_small,apology,0,,,0.8,patched_vs_neutral,goemotions.approval,True,3,3,3,0.0108517986179019,0.002446126580859224,0.012329626145044445,0.0003218699274959891,-0.008405672037042677,-0.6987490207848226,-0.0220559851732105,0.0006472676759585738,-1.5161801521472413,0.0,-1.2102688057383142,0.3498016673977321,1.0,0.4056682063733305,False,False
baseline_smoke,residual,gpt2_small,apology,0,,,0.8,patched_vs_neutral,goemotions.caring,True,3,3,3,0.0009263774263672531,0.0007119689059133331,0.0006112853188549203,0.000150753879084859,-0.00021440852045391998,-0.3324715926566876,-0.0009026108309626579,0.00037600513314828277,-1.411690169570648,0.7446695204838975,-0.5758576905547266,0.6228735240628697,1.0,0.9174663077849786,False,False
baseline_smoke,residual,gpt2_small,apology,0,,,0.8,patched_vs_neutral,goemotions.confusion,True,3,3,3,0.37455140116314095,0.12278213848670323,0.516691584508088,0.0655133133771882,-0.2517692626764377,-0.45400620716916257,-0.891807459294796,0.0852594505995512,-1.0605900628748417,3.763538708955436,-0.786361817768631,0.514032381365263,1.0,0.5232085336015143,False,False
baseline_smoke,residual,gpt2_small,apology,0,,,0.8,patched_vs_neutral,goemotions.curiosity,True,3,3,3,0.2049286694576343,0.5033798019091288,0.18529245583308526,0.08469818553704499,0.2984511324514945,1.119603584811016,0.026743978261947632,0.5595653261989355,0.0,3.2913660162246083,1.9392102932289301,0.19203334254324844,1.0,0.21451289418158595,False,False
baseline_smoke,residual,gpt2_small,apology,0,,,0.8,patched_vs_neutral,goemotions.desire,True,3,3,3,0.0005857345143643519,0.0007859227577379594,0.0003208392493208361,0.0004070641342679234,0.0002001882433736076,0.3363120614173083,-0.00017927150474861264,0.0008862294489517808,-3.6832786744258827,0.9690524978560832,0.5825095775730027,0.6191460238051505,1.0,0.6431552452030477,False,False
baseline_smoke,residual,gpt2_small,apology,0,,,0.8,patched_vs_neutral,goemotions.disappointment,True,3,3,3,0.0005912013972798983,0.0007238918915390968,9.235630145479774e-05,0.00010784699545098181,0.00013269049425919852,2.018767595036349,7.925811223685741e-05,0.00020608608610928059,0.0,5.256357923511176,3.496608043276589,0.07295362028259124,0.43772172169554746,0.14663250964636027,False,False
baseline_smoke,residual,gpt2_small,apology,0,,,0.8,patched_vs_neutral,goemotions.disapproval,True,3,3,3,0.0012494617452224095,0.0012648964766412973,0.00032220519719563905,0.0004389190411632882,1.5434731418887775e-05,0.12041174689492727,-0.0001240978017449379,0.00012796628288924694,-0.713343066107081,2.0140518949496804,0.20855926345013803,0.8541043021269548,1.0,0.8714296411431284,False,False
baseline_smoke,residual,gpt2_small,apology,0,,,0.8,patched_vs_neutral,goemotions.disgust,True,3,3,3,0.0002435112352638195,0.00036147340627697605,0.0001318577681024093,7.420567644376576e-05,0.00011796217101315658,1.9194718751541417,4.792615072801709e-05,0.00016287965991068631,0.0,13.671675031435319,3.3246228114664786,0.0797935612947339,0.4787613677684034,0.09534736038063844,False,False
baseline_smoke,residual,gpt2_small,apology,0,,,0.8,patched_vs_neutral,goemotions.embarrassment,True,3,3,3,0.00016501560457982123,0.00023698929968910912,5.303136318521461e-05,4.443772953792966e-05,7.19736951092879e-05,1.8521853032679272,2.790337020996958e-05,0.00010131372255273163,0.0,11.433858364685024,3.208079050292419,0.08496474425534711,0.5097884655320827,0.17278047234599891,False,False
baseline_smoke,residual,gpt2_small,apology,0,,,0.8,patched_vs_neutral,goemotions.excitement,True,3,3,3,0.005440668561883892,0.0008081741398200393,0.008526846063373344,0.00029011528852210077,-0.004632494422063853,-0.5608305198420838,-0.01416626782156527,0.00037726006121374667,-1.1680657299592625,0.7678952471149415,-0.9713869548017544,0.4338214466337692,1.0,0.44234894182659734,False,False
baseline_smoke,residual,gpt2_small,apology,0,,,0.8,patched_vs_neutral,goemotions.fear,True,3,3,3,0.00035724847111850977,0.0004109014116693288,9.194697111000719e-05,2.7556441925081593e-05,5.365294055081904e-05,0.49505186819092795,-2.9817165341228247e-05,0.00017613722593523562,-0.5843586297405111,1.311699417176274,0.8574549880885782,0.48154092529015835,1.0,0.57784911034819,False,False
baseline_smoke,residual,gpt2_small,apology,0,,,0.8,patched_vs_neutral,goemotions.gratitude,True,3,3,3,0.0006244851877757659,0.0003073260789581885,0.0004175115969413256,1.6312702453275525e-05,-0.00031715910881757736,-0.7832891962166783,-0.0007536118500865996,4.6261120587587357e-05,-1.9846355891047545,0.0,-1.3566966848670745,0.3077200383964629,1.0,0.3772753840155985,False,False
baseline_smoke,residual,gpt2_small,apology,0,,,0.8,patched_vs_neutral,goemotions.grief,True,3,3,3,0.00010600446209233876,0.0001074921092367731,4.6611342989154024e-05,5.442157807087738e-06,1.4876471444343526e-06,0.028734502094646803,-5.582073936238885e-05,4.487845581024885e-05,-0.7800810773283307,2.0600180631332656,0.04976961755812259,0.9648293387506163,1.0,0.9988692821393031,False,False
baseline_smoke,residual,gpt2_small,apology,0,,,0.8,patched_vs_neutral,goemotions.joy,True,3,3,3,0.0027340358744064965,0.00037382260779850185,0.004085573261497611,0.0001355685446441023,-0.0023602132666079947,-0.597507635843588,-0.006920523708686233,-2.9558141250163317e-06,-1.1949482032382583,0.0,-1.0349135831914573,0.4094442295506471,1.0,0.42425287951660917,False,False
baseline_smoke,residual,gpt2_small,apology,0,,,0.8,patched_vs_neutral,goemotions.love,True,3,3,3,0.0018615320441313088,0.0006249792544015994,0.0022017625486457004,0.00016705705786093666,-0.0012365527897297095,-0.6044732111297659,-0.003598316223360598,-1.9320345018059015e-05,-1.614991447636822,0.0,-1.0469783134910635,0.4049879835280409,1.0,0.6873467838381705,False,False
baseline_smoke,residual,gpt2_small,apology,0,,,0.8,patched_vs_neutral,goemotions.nervousness,True,3,3,3,0.0002847547245134289,0.00020247462574237338,0.0001441055133133402,2.4310595892192563e-05,-8.228009877105553e-05,-0.6128171000443253,-0.0002355374163016677,1.4629797078669071e-05,-1.3689929941005206,0.047354026194435954,-1.061430353023791,0.39972127391886436,1.0,0.4340432477393177,False,False
baseline_smoke,residual,gpt2_small,apology,0,,,0.8,patched_vs_neutral,goemotions.neutral,True,3,3,3,0.15430314124872288,0.3533799846967061,0.2526493546183572,0.01924188270143947,0.19907684344798326,0.8434613056718178,-0.07322704792022705,0.34498182870447636,0.0,30.05546171569388,1.4609178356419714,0.28150160968480026,1.0,0.5999431914964124,False,False
baseline_smoke,residual,gpt2_small,apology,0,,,0.8,patched_vs_neutral,goemotions.optimism,True,3,3,3,0.0017606911909145613,0.0012940338541132708,0.0009739815831250702,0.00038248129818960793,-0.0004666573368012905,-0.5721076159188372,-0.001140944310463965,0.0004399932804517448,-3.894406209489284,0.09172890122130944,-0.990919458168527,0.42616073360064055,1.0,0.5956684803892308,False,False
baseline_smoke,residual,gpt2_small,apology,0,,,0.8,patched_vs_neutral,goemotions.pride,True,3,3,3,0.00016111613088772478,2.1023889833789628e-05,0.00022574912783338122,2.3312726149492885e-06,-0.00014009224105393514,-0.6258874107776456,-0.00039849210588727146,-6.212296284502372e-06,-2.304271520822625,0.0,-1.0840687952846149,0.39162557586106883,1.0,0.39242659229331994,False,False
baseline_smoke,residual,gpt2_small,apology,0,,,0.8,patched_vs_neutral,goemotions.realization,True,3,3,3,0.001893442318153878,0.0016254739603027701,0.0009695928664418563,0.000345242509306244,-0.0002679683578511079,-0.3591045542352952,-0.0011273932177573442,0.00021536299027502537,-1.0031218451983381,2.901082846736575,-0.6219873331649047,0.597405982321072,1.0,0.6192548192507494,False,False
baseline_smoke,residual,gpt2_small,apology,0,,,0.8,patched_vs_neutral,goemotions.relief,True,3,3,3,0.00018860683485399932,6.278500344099787e-05,0.0002011028359286464,1.2925611078045098e-05,-0.00012582183141300143,-0.6685556166012883,-0.0003431040022405796,-1.3956661859992892e-05,-4.90361750234822,0.0,-1.15797229563897,0.3664710850017552,1.0,0.3889405389433868,False,False
baseline_smoke,residual,gpt2_small,apology,0,,,0.8,patched_vs_neutral,goemotions.remorse,True,3,3,3,0.00020788768112349013,0.00019224123388994485,0.00013756416680134624,3.473972235774617e-05,-1.5646447233545285e-05,-0.15075522795177052,-0.00013500718341674656,5.333565059117973e-05,-0.8002870745084852,4.388395851646902,-0.2611157143190943,0.8184322577110915,1.0,0.9767353138977087,False,False
baseline_smoke,residual,gpt2_small,apology,0,,,0.8,patched_vs_neutral,goemotions.sadness,True,3,3,3,0.00039036998835702735,0.00047177406183133524,8.307673324622616e-05,6.194172179617884e-05,8.140407347430785e-05,0.5798622748603529,-6.983574712648988e-05,0.00020755009609274566,-0.10861683781764794,2.9800905772941566,1.0043509214506006,0.42097870001416937,1.0,0.4570483303532953,False,False
baseline_smoke,residual,gpt2_small,apology,0,,,0.8,patched_vs_neutral,goemotions.surprise,True,3,3,3,0.0019326240580994636,0.002082371424573163,0.0013067457736644424,0.0005047768545508357,0.0001497473664736996,0.18110146965174442,-0.0006330749019980431,0.0010145567648578435,-0.9872372278233447,1.2786597724379292,0.3136769467622144,0.7834594856021685,1.0,0.9812827900203551,False,False
baseline_smoke,residual,gpt2_small,apology,0,,,0.8,patched_vs_neutral,politeness.NEUTRAL,True,3,3,3,0.9992814461390177,0.9970468282699585,0.00028414816587708054,0.0021630244916467753,-0.0022346178690592446,-1.004705152030313,-0.004729151725769043,-0.0004583597183227539,-1.9721724790224973,0.0,-1.7402003699427153,0.22395164681318708,1.0,0.4061905829576522,False,False
baseline_smoke,residual,gpt2_small,apology,0,,,0.8,patched_vs_neutral,politeness.NOT_POLITE,True,3,3,3,0.00023298931773751974,0.002426314497521768,2.7486137775937303e-05,0.002091239347997729,0.002193325179784248,1.0496220539534087,0.00035671182558871806,0.004466883052373305,0.0,2.277053557908356,1.8179987261921051,0.21069292713583643,1.0,0.2731874429222397,False,False
baseline_smoke,residual,gpt2_small,apology,0,,,0.8,patched_vs_neutral,politeness.POLITE,True,3,3,3,0.00012179282445382948,0.00019152376141088703,2.5368795075315693e-05,3.0287663490745387e-05,6.973093695705757e-05,1.4121704435204687,1.3032171409577131e-05,0.0001032936925184913,0.0,16.581400009109284,2.445950957124527,0.13428789267720223,0.8057273560632134,0.23499788981385022,False,False
baseline_smoke,residual,gpt2_small,apology,0,,,0.8,patched_vs_neutral,politeness.SOMEWHAT_POLITE,True,3,3,3,0.00036376993618129444,0.000335299177095294,0.00023473650106968863,7.141220037406757e-05,-2.8470759086000424e-05,-0.13654581236268848,-0.000253091799095273,0.00015890116628725082,-1.0966391001060156,1.2559813347144204,-0.23650428457294295,0.8350568062818606,1.0,0.8790509637982198,False,False
baseline_smoke,residual,gpt2_small,apology,6,,,0.8,patched_vs_neutral,goemotions.admiration,True,3,3,3,0.23073641580413096,0.0005402365932241082,0.39877603654119465,5.481723165185819e-05,-0.23019617921090685,-0.577335456492047,-0.6906003288459033,0.00012653766316361725,-1.1549883744853515,0.33099657061728627,-0.9999743436551963,0.42265960606877406,1.0,0.42319070448273655,False,False
baseline_smoke,residual,gpt2_small,apology,6,,,0.8,patched_vs_neutral,goemotions.amusement,True,3,3,3,0.0004251103625089551,0.0006799138694380721,0.0002718796966723955,9.474194688290331e-05,0.00025480350692911696,0.9457475465761765,6.029941141605377e-05,0.000562325309147127,0.0,2.4364071616171827,1.638082801803551,0.24306401251334,1.0,0.291676815016008,False,False
baseline_smoke,residual,gpt2_small,apology,6,,,0.8,patched_vs_neutral,goemotions.anger,True,3,3,3,0.0005329236737452447,0.000872680238292863,0.0003175116165655498,0.00022005995573536443,0.0003397565645476182,1.2201704662539254,0.00014523952268064022,0.0006587283860426396,0.0,4.745253062818355,2.113397241446805,0.16890964012132514,1.0,0.20852088353577747,False,False
baseline_smoke,residual,gpt2_small,apology,6,,,0.8,patched_vs_neutral,goemotions.annoyance,True,3,3,3,0.001965758390724659,0.00324377433086435,0.0016851177145698038,0.0009432848485874003,0.001278015940139691,1.5995789762886157,0.0003673706669360399,0.0018613904248923063,0.0,12.011389507682587,2.7705520576508946,0.1093248989571521,0.6559493937429126,0.23467066633979242,False,False
baseline_smoke,residual,gpt2_small,apology,6,,,0.8,patched_vs_neutral,goemotions.approval,True,3,3,3,0.0108517986179019,0.0024974586752553782,0.012329626145044445,0.0003371661934478367,-0.008354339942646524,-0.6927704269181604,-0.0220559851732105,0.0006472676759585738,-1.4986602379966263,0.0,-1.1999135774034355,0.3530304526680039,1.0,0.4056682063733305,False,False
baseline_smoke,residual,gpt2_small,apology,6,,,0.8,patched_vs_neutral,goemotions.caring,True,3,3,3,0.0009263774263672531,0.0007090929235952596,0.0006112853188549203,0.00015520654944966458,-0.0002172845027719935,-0.33726342934561837,-0.0009026108309626579,0.00021309792646204636,-1.4337665160699256,0.7219139102431325,-0.5841573951615273,0.6182254937986968,1.0,0.9174663077849786,False,False
baseline_smoke,residual,gpt2_small,apology,6,,,0.8,patched_vs_neutral,goemotions.confusion,True,3,3,3,0.37455140116314095,0.12729527801275253,0.516691584508088,0.0732268386083442,-0.2472561231503884,-0.44287977502803905,-0.891807459294796,0.0852594505995512,-1.0374068526938507,6.633346045372731,-0.7670902719932376,0.5232085336015143,1.0,0.5232085336015143,False,False
baseline_smoke,residual,gpt2_small,apology,6,,,0.8,patched_vs_neutral,goemotions.curiosity,True,3,3,3,0.2049286694576343,0.4954906404018402,0.18529245583308526,0.0979881444308211,0.29056197094420594,1.0425453027476357,0.003076493740081787,0.5595653261989355,0.0,3.2913660162246083,1.8057414335511819,0.212711863010444,1.0,0.21451289418158595,False,False
baseline_smoke,residual,gpt2_small,apology,6,,,0.8,patched_vs_neutral,goemotions.desire,True,3,3,3,0.0005857345143643519,0.0007870943033291647,0.0003208392493208361,0.0004053619017745066,0.00020135978896481296,0.3387938111314082,-0.00017927150474861264,0.0008862294489517808,-3.487258392630187,0.9745473921321194,0.5868080941694933,0.6167470993852193,1.0,0.6431552452030477,False,False
baseline_smoke,residual,gpt2_small,apology,6,,,0.8,patched_vs_neutral,goemotions.disappointment,True,3,3,3,0.0005912013972798983,0.0007207328259634475,9.235630145479774e-05,0.00010395881781750174,0.00012953142868354917,2.1426739126108796,7.925811223685741e-05,0.00019660888938233256,0.0,5.256357923511176,3.7112200806944395,0.06554706824726322,0.39328240948357934,0.14663250964636027,False,False
baseline_smoke,residual,gpt2_small,apology,6,,,0.8,patched_vs_neutral,goemotions.disapproval,True,3,3,3,0.0012494617452224095,0.0012845114494363468,0.00032220519719563905,0.00047102190702427894,3.5049704213937126e-05,0.22527537470160944,-0.0001240978017449379,0.000186811201274395,-0.713343066107081,1.6637953445801514,0.3901883946773041,0.7340326695720067,1.0,0.8714296411431284,False,False
baseline_smoke,residual,gpt2_small,apology,6,,,0.8,patched_vs_neutral,goemotions.disgust,True,3,3,3,0.0002435112352638195,0.0003663050301838666,0.0001318577681024093,8.220326301393863e-05,0.00012279379492004713,2.3075779097007367,6.242102244868875e-05,0.00016287965991068631,0.0,13.671675031435319,3.996842182025263,0.05727374608516009,0.3436424765109605,0.09534736038063844,False,False
baseline_smoke,residual,gpt2_small,apology,6,,,0.8,patched_vs_neutral,goemotions.embarrassment,True,3,3,3,0.00016501560457982123,0.00023679378015610078,5.303136318521461e-05,4.410234945785924e-05,7.177817557627957e-05,1.8523904677202196,2.790337020996958e-05,0.00010131372255273163,0.0,10.970240049677646,3.2084344055476968,0.0849482546363314,0.5096895278179885,0.17278047234599891,False,False
baseline_smoke,residual,gpt2_small,apology,6,,,0.8,patched_vs_neutral,goemotions.excitement,True,3,3,3,0.005440668561883892,0.0008073041099123657,0.008526846063373344,0.000291301698811074,-0.004633364451971526,-0.5609843861593482,-0.01416626782156527,0.00037726006121374667,-1.1683898589736372,0.7607052343681892,-0.9716534590808298,0.43371592042577956,1.0,0.44234894182659734,False,False
baseline_smoke,residual,gpt2_small,apology,6,,,0.8,patched_vs_neutral,goemotions.fear,True,3,3,3,0.00035724847111850977,0.00041262762776265544,9.194697111000719e-05,2.4867625878664885e-05,5.5379156644145645e-05,0.5152322785257595,-2.9817165341228247e-05,0.00017613722593523562,-0.4631511482599166,1.3742808871528396,0.8924084841060944,0.4663400700499547,1.0,0.57784911034819,False,False
baseline_smoke,residual,gpt2_small,apology,6,,,0.8,patched_vs_neutral,goemotions.gratitude,True,3,3,3,0.0006244851877757659,0.00030651522683911026,0.0004175115969413256,1.663514256336192e-05,-0.0003179699609366556,-0.7874128049262719,-0.0007536118500865996,4.382856423035264e-05,-1.9846355891047545,0.0,-1.363838984662624,0.3058293394145244,1.0,0.3772753840155985,False,False
baseline_smoke,residual,gpt2_small,apology,6,,,0.8,patched_vs_neutral,goemotions.grief,True,3,3,3,0.00010600446209233876,0.00010694843270660688,4.6611342989154024e-05,5.588344194570494e-06,9.43970614268134e-07,0.018307819930193432,-5.582073936238885e-05,4.487845581024885e-05,-0.8118938910188834,1.9217210667209617,0.03171007429491712,0.9775832259040763,1.0,0.9988692821393031,False,False
baseline_smoke,residual,gpt2_small,apology,6,,,0.8,patched_vs_neutral,goemotions.joy,True,3,3,3,0.0027340358744064965,0.00037119903330070275,0.004085573261497611,0.00013811376760762762,-0.002362836841105794,-0.5985273695133912,-0.006920523708686233,-1.0826537618413568e-05,-1.2828467424109626,0.0,-1.0366798137177453,0.40878844659568714,1.0,0.42425287951660917,False,False
baseline_smoke,residual,gpt2_small,apology,6,,,0.8,patched_vs_neutral,goemotions.love,True,3,3,3,0.0018615320441313088,0.0006256690927936385,0.0022017625486457004,0.00016613451312749787,-0.0012358629513376702,-0.6039649880828812,-0.003598316223360598,-1.9320345018059015e-05,-1.6284779668210005,0.0,-1.046098045352282,0.4053112815447758,1.0,0.6873467838381705,False,False
baseline_smoke,residual,gpt2_small,apology,6,,,0.8,patched_vs_neutral,goemotions.nervousness,True,3,3,3,0.0002847547245134289,0.00020315934671089053,0.0001441055133133402,2.3195852441932604e-05,-8.159537780253838e-05,-0.6043661385348803,-0.0002355374163016677,1.6683959984220564e-05,-1.3689929941005206,0.10072919338445545,-1.0467928583166233,0.4050560720576737,1.0,0.4340432477393177,False,False
baseline_smoke,residual,gpt2_small,apology,6,,,0.8,patched_vs_neutral,goemotions.neutral,True,3,3,3,0.15430314124872288,0.3566690484682719,0.2526493546183572,0.024380810164707556,0.20236590721954903,0.878584152697644,-0.06335985660552979,0.34498182870447636,0.0,30.05546171569388,1.521752391197172,0.2674844600916315,1.0,0.5999431914964124,False,False
baseline_smoke,residual,gpt2_small,apology,6,,,0.8,patched_vs_neutral,goemotions.optimism,True,3,3,3,0.0017606911909145613,0.0013037324339772265,0.0009739815831250702,0.0003675883652939643,-0.00045695875693733495,-0.5629650523583926,-0.001140944310463965,0.0004399932804517448,-3.618177346580086,0.10926834482539281,-0.975084073570409,0.4323600034682026,1.0,0.5956684803892308,False,False
baseline_smoke,residual,gpt2_small,apology,6,,,0.8,patched_vs_neutral,goemotions.pride,True,3,3,3,0.00016111613088772478,2.1211274846185308e-05,0.00022574912783338122,2.373599749533105e-06,-0.00013990485604153946,-0.6245806229898653,-0.00039849210588727146,-5.650141247315332e-06,-2.14100918870125,0.0,-1.0818053724414687,0.39242659229332,1.0,0.39242659229331994,False,False
baseline_smoke,residual,gpt2_small,apology,6,,,0.8,patched_vs_neutral,goemotions.realization,True,3,3,3,0.001893442318153878,0.0016662322838480275,0.0009695928664418563,0.0003900035954382567,-0.00022721003430585066,-0.33619969869479666,-0.0010051182471215725,0.00021536299027502537,-0.9864729432239686,2.901082846736575,-0.5823149596287357,0.6192548192507494,1.0,0.6192548192507494,False,False
baseline_smoke,residual,gpt2_small,apology,6,,,0.8,patched_vs_neutral,goemotions.relief,True,3,3,3,0.00018860683485399932,6.293365610569406e-05,0.0002011028359286464,1.2781690484446419e-05,-0.00012567317874830528,-0.6672953530189376,-0.0003431040022405796,-1.3510703865904361e-05,-4.549072010079076,0.0,-1.1557894550834098,0.3671868158378446,1.0,0.3889405389433868,False,False
baseline_smoke,residual,gpt2_small,apology,6,,,0.8,patched_vs_neutral,goemotions.remorse,True,3,3,3,0.00020788768112349013,0.00019157336403926214,0.00013756416680134624,3.550132560908427e-05,-1.6314317084227998e-05,-0.15792203467090005,-0.00013500718341674656,5.333565059117973e-05,-0.8167430005375134,3.905580156124163,-0.27352898768465267,0.8101050814663192,1.0,0.9767353138977087,False,False
baseline_smoke,residual,gpt2_small,apology,6,,,0.8,patched_vs_neutral,goemotions.sadness,True,3,3,3,0.00039036998835702735,0.00047205832864468295,8.307673324622616e-05,6.187542553277392e-05,8.168834028765559e-05,0.5815679428733994,-6.983574712648988e-05,0.00020755009609274566,-0.10531526959398868,3.0103680678451363,1.0073052251100423,0.41984820198340145,1.0,0.4570483303532953,False,False
baseline_smoke,residual,gpt2_small,apology,6,,,0.8,patched_vs_neutral,goemotions.surprise,True,3,3,3,0.0019326240580994636,0.002055284373151759,0.0013067457736644424,0.00048466864052917186,0.00012266031505229572,0.1473906404464676,-0.0006330749019980431,0.0010145567648578435,-1.192443045332405,1.131954465073321,0.25528807781339824,0.8223552328971324,1.0,0.9812827900203551,False,False
baseline_smoke,residual,gpt2_small,apology,6,,,0.8,patched_vs_neutral,politeness.NEUTRAL,True,3,3,3,0.9992814461390177,0.9969290494918823,0.00028414816587708054,0.0020085640047672344,-0.0023523966471354165,-1.1264832160098508,-0.004729151725769043,-0.0008116960525512695,-3.14988476249302,0.0,-1.951126164002648,0.19031996730599315,1.0,0.4061905829576522,False,False
baseline_smoke,residual,gpt2_small,apology,6,,,0.8,patched_vs_neutral,politeness.NOT_POLITE,True,3,3,3,0.00023298931773751974,0.002531537514490386,2.7486137775937303e-05,0.00195444391687177,0.0022985481967528663,1.1760363461292187,0.0006723808764945716,0.004466883052373305,0.0,2.277053557908356,2.0369547030434645,0.17856612087645402,1.0,0.2731874429222397,False,False
baseline_smoke,residual,gpt2_small,apology,6,,,0.8,patched_vs_neutral,politeness.POLITE,True,3,3,3,0.00012179282445382948,0.00019656808581203222,2.5368795075315693e-05,3.137445092663188e-05,7.477526135820274e-05,1.3970720994024033,1.3032171409577131e-05,0.00010799992014653981,0.0,39.170270052514965,2.4197998580018796,0.13663502138973863,0.8198101283384318,0.23499788981385022,False,False
baseline_smoke,residual,gpt2_small,apology,6,,,0.8,patched_vs_neutral,politeness.SOMEWHAT_POLITE,True,3,3,3,0.00036376993618129444,0.00034278823295608163,0.00023473650106968863,5.8474868178845597e-05,-2.0981703225212794e-05,-0.0994848206372275,-0.000253091799095273,0.00015890116628725082,-0.9643673343159919,1.5786444568529732,-0.17231276392555478,0.8790509637982198,1.0,0.8790509637982198,False,False
baseline_smoke,head,gpt2_small,,0,0.0,0:0,,patched_vs_neutral,emotion_keywords.anger,True,3,3,3,0.0,0.0,0.0,0.0,0.0,,0.0,0.0,0.0,0.0,,,,,False,False
baseline_smoke,head,gpt2_small,,0,0.0,0:0,,patched_vs_neutral,emotion_keywords.apology,True,3,3,3,0.0,0.0,0.0,0.0,0.0,,0.0,0.0,0.0,0.0,,,,,False,False
baseline_smoke,head,gpt2_small,,0,0.0,0:0,,patched_vs_neutral,emotion_keywords.gratitude,True,3,3,3,0.0,0.0,0.0,0.0,0.0,,0.0,0.0,0.0,0.0,,,,,False,False
baseline_smoke,head,gpt2_small,,0,0.0,0:0,,patched_vs_neutral,politeness,True,3,3,3,0.0,0.0,0.0,0.0,0.0,,0.0,0.0,0.0,0.0,,,,,False,False
baseline_smoke,head,gpt2_small,,0,0.0,0:0,,patched_vs_neutral,sentiment,True,3,3,3,0.3333333333333333,0.3333333333333333,0.5773502691896258,0.5773502691896258,0.0,,0.0,0.0,0.0,0.0,,,,,False,False
