profile,phase,model_name,emotion,layer,head,head_spec,alpha,comparison,metric_name,paired,n_baseline,n_patched,n_effective,mean_baseline,mean_patched,std_baseline,std_patched,mean_diff,cohen_d,ci_lower,ci_upper,effect_size_ci_lower,effect_size_ci_upper,t_statistic,p_value,p_value_bonferroni,p_value_fdr,significant_bonferroni,significant_fdr,power
baseline_smoke,residual,gpt2_small,gratitude,0,,,0.8,patched_vs_neutral,goemotions.admiration,True,3,3,3,0.2307364158041309,0.0007849769899621,0.3987760365411946,6.34592131357692e-05,-0.2299514388141688,-0.5766181519258801,-0.6904381915810518,0.0004809797101188,-1.1544424507531073,1.6260772089556463,-0.9987319357020942,0.4231381185306159,1.0,0.4231907044827365,False,False,0.09508995364047784
baseline_smoke,residual,gpt2_small,gratitude,0,,,0.8,patched_vs_neutral,goemotions.amusement,True,3,3,3,0.0004251103625089,0.000949433830101,0.0002718796966723,0.0004750247235282,0.000524323467592,0.7313786079448625,2.4309265427291397e-05,0.001345672251773,0.0,1.4623860036532683,1.2667849085295002,0.3327852066798257,1.0,0.3327852066798257,False,False,0.12148699217718877
baseline_smoke,residual,gpt2_small,gratitude,0,,,0.8,patched_vs_neutral,goemotions.anger,True,3,3,3,0.0005329236737452,0.0008502743827799,0.0003175116165655,0.0003099094193361,0.0003173507090347,1.5522629024517365,0.0001390775723848,0.0005405071715358,0.0,2.960606252777816,2.688598213750739,0.1149680945297572,0.6898085671785433,0.2085208835357774,False,False,0.3321459462337481
baseline_smoke,residual,gpt2_small,gratitude,0,,,0.8,patched_vs_neutral,goemotions.annoyance,True,3,3,3,0.0019657583907246,0.0026611563904831,0.0016851177145698,0.00108650711779,0.0006953979997585,1.155724302884017,1.4451565220952034e-05,0.0011553512886166,0.0,7.796963144983894,2.00177321213724,0.1832623292581787,1.0,0.2748934938872682,False,False,0.2185774388453606
baseline_smoke,residual,gpt2_small,gratitude,0,,,0.8,patched_vs_neutral,goemotions.approval,True,3,3,3,0.0108517986179019,0.0027802000598361,0.0123296261450444,0.000613241072581,-0.0080715985580657,-0.6479148326881148,-0.0220297432970255,0.001919885748066,-1.551355415612114,0.0,-1.1222214091933032,0.3784000195082676,1.0,0.4056682063733305,False,False,0.10657073421544258
baseline_smoke,residual,gpt2_small,gratitude,0,,,0.8,patched_vs_neutral,goemotions.caring,True,3,3,3,0.0009263774263672,0.0008769761770963,0.0006112853188549,0.0002215131126771,-4.940124927088618e-05,-0.0676191755439886,-0.0008135444950312,0.0006422049482353,-1.1068060443898435,1.219430592140048,-0.1171198476081072,0.9174663077849788,1.0,0.9174663077849786,False,False,0.050635058924663155
baseline_smoke,residual,gpt2_small,gratitude,0,,,0.8,patched_vs_neutral,goemotions.confusion,True,3,3,3,0.3745514011631409,0.0947767384350299,0.516691584508088,0.0802638741000414,-0.2797746627281109,-0.4936330897827503,-0.934150192886591,0.0557005833834409,-1.0850722141028313,5.243250710480613,-0.8549975918009327,0.4826286434005912,1.0,0.5232085336015143,False,False,0.08325925028686568
baseline_smoke,residual,gpt2_small,gratitude,0,,,0.8,patched_vs_neutral,goemotions.curiosity,True,3,3,3,0.2049286694576343,0.6843686699867249,0.1852924558330852,0.0463846118215239,0.4794400005290906,2.0909747476670084,0.2715425193309784,0.7253675069659948,0.0,3.923479509256065,3.621674500302772,0.0684988080612882,0.4109928483677297,0.1889136025588156,False,False,0.49878691350584065
baseline_smoke,residual,gpt2_small,gratitude,0,,,0.8,patched_vs_neutral,goemotions.desire,True,3,3,3,0.0005857345143643,0.000798783012821,0.0003208392493208,0.0004903223718192,0.0002130484984566,0.3149164400947089,-0.0001925662509165,0.0009940358577296,-10.451450477602322,0.911563785285026,0.5454512743827565,0.6401457922451048,1.0,0.6431552452030477,False,False,0.06367931842342842
baseline_smoke,residual,gpt2_small,gratitude,0,,,0.8,patched_vs_neutral,goemotions.disappointment,True,3,3,3,0.0005912013972798,0.0006752339735006,9.235630145479774e-05,0.000216131792468,8.403257622073095e-05,0.3759849499151429,-0.000128784799017,0.0003168681287206,-0.5796141657366215,1.5931998696585168,0.6512250361342672,0.5817303471286333,1.0,0.6980764165543599,False,False,0.0694392143249972
baseline_smoke,residual,gpt2_small,gratitude,0,,,0.8,patched_vs_neutral,goemotions.disapproval,True,3,3,3,0.0012494617452224,0.0011466322466731,0.0003222051971956,0.0005384823749828,-0.0001028294985493,-0.4692983025870143,-0.000230168341659,0.0001501789083704,-238.24623193455275,0.1095592413412879,-0.8128485039865414,0.5016782946138832,1.0,0.8714296411431284,False,False,0.08011215644331558
baseline_smoke,residual,gpt2_small,gratitude,0,,,0.8,patched_vs_neutral,goemotions.disgust,True,3,3,3,0.0002435112352638,0.0003426670543073,0.0001318577681024,8.975895431837781e-05,9.915581904351713e-05,2.0829251076149182,4.654133226722479e-05,0.000139244904858,0.0,8.172541162137236,3.6077321147499095,0.0689756440401187,0.4138538642407123,0.0953473603806384,False,False,0.49631800947030735
baseline_smoke,residual,gpt2_small,gratitude,0,,,0.8,patched_vs_neutral,goemotions.embarrassment,True,3,3,3,0.0001650156045798,0.0002147346870818,5.303136318521461e-05,7.807613153544625e-05,4.971908250202736e-05,0.7096776034042935,-2.9621049179695547e-05,0.0001030667772283,0.0,5.948521145603902,1.229197666089952,0.3439894357487301,1.0,0.4127873228984761,False,False,0.11745983713227966
baseline_smoke,residual,gpt2_small,gratitude,0,,,0.8,patched_vs_neutral,goemotions.excitement,True,3,3,3,0.0054406685618838,0.0008629351893129,0.0085268460633733,0.0003454984220048,-0.0045777333725709,-0.5548406813162308,-0.0140967991901561,0.0005163057066965,-1.1736688325238227,0.7593481166227779,-0.9610122501458436,0.4379511468125361,1.0,0.4423489418265973,False,False,0.09182309581070223
baseline_smoke,residual,gpt2_small,gratitude,0,,,0.8,patched_vs_neutral,goemotions.fear,True,3,3,3,0.0003572484711185,0.0004126026760786,9.19469711100072e-05,7.502349718714972e-06,5.535420496016741e-05,0.5674622502608666,-3.972661215811968e-05,0.0001551931200083,-0.1844570732899212,1.9925354396497448,0.9828734488291864,0.429298405925541,1.0,0.57784911034819,False,False,0.09370258568703561
baseline_smoke,residual,gpt2_small,gratitude,0,,,0.8,patched_vs_neutral,goemotions.gratitude,True,3,3,3,0.0006244851877757,0.0003398466603054,0.0004175115969413,7.830321329642279e-05,-0.0002846385274703,-0.6200576042553649,-0.0007515010074712,0.0001661819405853,-2.11808526431263,0.0846778519119008,-1.073971274189728,0.3952134153233294,1.0,0.3952134153233294,False,False,0.10194345181254072
baseline_smoke,residual,gpt2_small,gratitude,0,,,0.8,patched_vs_neutral,goemotions.grief,True,3,3,3,0.0001060044620923,0.0001018081408498,4.661134298915402e-05,5.502243430128617e-06,-4.196321242488921e-06,-0.0825146540252323,-6.195420428412035e-05,3.386405296623707e-05,-0.808064315458223,2.6168277137824445,-0.1429195731406701,0.899452741055039,1.0,0.9988692821393031,False,False,0.050945508497783495
baseline_smoke,residual,gpt2_small,gratitude,0,,,0.8,patched_vs_neutral,goemotions.joy,True,3,3,3,0.0027340358744064,0.0004197096277493,0.0040855732614976,0.0001002848896723,-0.002314326246657,-0.5784228913795739,-0.006934268923942,2.5251501938328147e-05,-1.1632251914195009,0.1612884984636648,-1.001857836130316,0.4219353133280451,1.0,0.4242528795166091,False,False,0.09536578714355477
baseline_smoke,residual,gpt2_small,gratitude,0,,,0.8,patched_vs_neutral,goemotions.love,True,3,3,3,0.0018615320441313,0.000968958173568,0.0022017625486457,0.0003923370773719,-0.0008925738705632,-0.3857939271798207,-0.003531428577844,0.0007875359151512,-1.1228427348014187,1.3135821640636829,-0.6682146831269772,0.5727889865318088,1.0,0.6873467838381705,False,False,0.07045559405431863
baseline_smoke,residual,gpt2_small,gratitude,0,,,0.8,patched_vs_neutral,goemotions.nervousness,True,3,3,3,0.0002847547245134,0.0001915095490403,0.0001441055133133,2.5917187849303837e-05,-9.324517547308156e-05,-0.5605072469615879,-0.0002804637333611,3.760759136639536e-05,-1.4169381076403131,0.2971416578247426,-0.9708270297480264,0.4340432477393177,1.0,0.4340432477393177,False,False,0.09266216141277
baseline_smoke,residual,gpt2_small,gratitude,0,,,0.8,patched_vs_neutral,goemotions.neutral,True,3,3,3,0.1543031412487228,0.1998033175865809,0.2526493546183572,0.0562167262010076,0.045500176337858,0.1489982046174467,-0.3062043488025665,0.2432891521602869,-0.4715825489795663,9.027305807294246,0.2580724606339614,0.8204798081952547,1.0,0.8204798081952548,False,False,0.05307947515131067
baseline_smoke,residual,gpt2_small,gratitude,0,,,0.8,patched_vs_neutral,goemotions.optimism,True,3,3,3,0.0017606911909145,0.0016532124136574,0.000973981583125,0.0007269084221419,-0.0001074787772571,-0.0748638027960272,-0.0011901799589395,0.0015210382989607,-3.262300785485406,0.6342928643574208,-0.1296679100905361,0.9086939379170564,1.0,0.9086939379170564,False,False,0.0507783685343664
baseline_smoke,residual,gpt2_small,gratitude,0,,,0.8,patched_vs_neutral,goemotions.pride,True,3,3,3,0.0001611161308877,1.895155279877751e-05,0.0002257491278333,1.415088891344335e-06,-0.0001421645780889,-0.6331284820783077,-0.0004014010519313,-8.434961273451336e-06,-2.9314496908605787,0.0,-1.0966106986785904,0.3872205697925553,1.0,0.3924265922933199,False,False,0.10409227054793825
baseline_smoke,residual,gpt2_small,gratitude,0,,,0.8,patched_vs_neutral,goemotions.realization,True,3,3,3,0.0018934423181538,0.0013209871249273,0.0009695928664418,0.0002479394241177,-0.0005724551932265,-0.715610534186257,-0.0014956552768126,-8.436175994575024e-05,-3.912347752205103,0.0,-1.239473803642102,0.3408821247624075,1.0,0.6192548192507494,False,False,0.11855060863961055
baseline_smoke,residual,gpt2_small,gratitude,0,,,0.8,patched_vs_neutral,goemotions.relief,True,3,3,3,0.0001886068348539,6.407875601629105e-05,0.0002011028359286,9.55575463226783e-06,-0.0001245280788377,-0.6450508659760803,-0.0003474419354461,-1.2088326911907645e-05,-11.806457338791551,0.0,-1.1172608733368734,0.3800903383720492,1.0,0.3889405389433868,False,False,0.1060867528691471
baseline_smoke,residual,gpt2_small,gratitude,0,,,0.8,patched_vs_neutral,goemotions.remorse,True,3,3,3,0.0002078876811234,0.0002100880083162,0.0001375641668013,3.0185536936984827e-05,2.2003271927436194e-06,0.0190006793720778,-0.0001301297306781,8.500261174049228e-05,-0.6620316349600628,3.847323058597068,0.0329101420507647,0.9767353138977086,1.0,0.9767353138977088,False,False,0.0500501587013409
baseline_smoke,residual,gpt2_small,gratitude,0,,,0.8,patched_vs_neutral,goemotions.sadness,True,3,3,3,0.000390369988357,0.0004605760138171,8.307673324622616e-05,5.015482838448126e-05,7.020602546011408e-05,0.5279080915148496,-8.253927808254957e-05,0.0001602811098564,-0.0863076765073976,9.552786231480544,0.91436363623044,0.4570483303532953,1.0,0.4570483303532953,False,False,0.08794160493275605
baseline_smoke,residual,gpt2_small,gratitude,0,,,0.8,patched_vs_neutral,goemotions.surprise,True,3,3,3,0.0019326240580994,0.0019449600561832,0.0013067457736644,0.0007624993470334,1.2335998083775244e-05,0.0152852156524127,-0.0009024639148265,0.0006236592598725,-0.7057026915469476,2.931571015890937,0.0264747701146259,0.9812827900203552,1.0,0.9812827900203552,False,False,0.05003246050083991
baseline_smoke,residual,gpt2_small,gratitude,0,,,0.8,patched_vs_neutral,politeness.NEUTRAL,True,3,3,3,0.9992814461390176,0.9971838196118672,0.000284148165877,0.0029296645329455,-0.0020976265271504,-0.7928974095333274,-0.005152404308319,-0.0005648136138916,-91.33554368410827,0.0,-1.3733385985014708,0.303336693668079,1.0,0.4061905829576522,False,False,0.13345277120348664
baseline_smoke,residual,gpt2_small,gratitude,0,,,0.8,patched_vs_neutral,politeness.NOT_POLITE,True,3,3,3,0.0002329893177375,0.0006520738922214,2.7486137775937303e-05,0.0001743558940039,0.0004190845744839,2.0928674684682385,0.0001886933168862,0.000551240198547,0.0,27.57053586477322,3.624952788895045,0.0683873817554342,0.4103242905326053,0.2731874429222397,False,False,0.49936704797296183
baseline_smoke,residual,gpt2_small,gratitude,0,,,0.8,patched_vs_neutral,politeness.POLITE,True,3,3,3,0.0001217928244538,0.0001702983572613,2.5368795075315693e-05,2.152104084414036e-05,4.850553280751532e-05,1.2813444898698854,2.4720196961425245e-05,9.21583705348894e-05,0.0,12.083350781069644,2.219353758453066,0.1566652598759001,0.9399915592554008,0.2349978898138502,False,False,0.2527929342215961
baseline_smoke,residual,gpt2_small,gratitude,0,,,0.8,patched_vs_neutral,politeness.SOMEWHAT_POLITE,True,3,3,3,0.0003637699361812,0.0019938613210494,0.0002347365010696,0.0030998942371515,0.0016300913848681,0.5688300030737586,-3.378350811544806e-05,0.0049390893545933,-2.5431342619463555,1.1494451855519126,0.9852424661933104,0.4283719575165037,1.0,0.8790509637982198,False,False,0.09390856088182688
baseline_smoke,residual,gpt2_small,gratitude,6,,,0.8,patched_vs_neutral,goemotions.admiration,True,3,3,3,0.2307364158041309,0.0009197033165643,0.3987760365411946,0.0001646889257614,-0.2298167124875666,-0.5765393783085366,-0.6900965664535761,0.0004809797101188,-1.1542853821721657,2.0629063203941094,-0.9985954957945592,0.4231907044827365,1.0,0.4231907044827365,False,False,0.09507793172700636
baseline_smoke,residual,gpt2_small,gratitude,6,,,0.8,patched_vs_neutral,goemotions.amusement,True,3,3,3,0.0004251103625089,0.0012915737655324,0.0002718796966723,0.0003264630613263,0.0008664634030234,1.9736353692244395,0.0004836569132748,0.001345672251773,0.0,4.079652580926737,3.41843673511169,0.0759533755786446,0.4557202534718682,0.291676815016008,False,False,0.46257799842526165
baseline_smoke,residual,gpt2_small,gratitude,6,,,0.8,patched_vs_neutral,goemotions.anger,True,3,3,3,0.0005329236737452,0.0007967970644434,0.0003175116165655,0.0001496954322469,0.0002638733906981,1.020152013334536,2.803228562697768e-05,0.0005405064730439,0.0,2.371959007941266,1.7669551185390986,0.2192711941221485,1.0,0.2192711941221485,False,False,0.18412747121907086
baseline_smoke,residual,gpt2_small,gratitude,6,,,0.8,patched_vs_neutral,goemotions.annoyance,True,3,3,3,0.0019657583907246,0.0022849222489943,0.0016851177145698,0.0006841508874441,0.0003191638582696,0.3125299887315852,-0.0008600137662142,0.0009163911454379,-0.2684642148241882,103.32009253243986,0.5413178193720343,0.6425231432824356,1.0,0.6425231432824356,False,False,0.06347425071206668
baseline_smoke,residual,gpt2_small,gratitude,6,,,0.8,patched_vs_neutral,goemotions.approval,True,3,3,3,0.0108517986179019,0.0038734000797073,0.0123296261450444,0.0007735592367896,-0.0069783985381945,-0.6034044303044259,-0.0200510919094085,0.001919885748066,-1.4362928933411374,0.1265928958324914,-1.0451271307994192,0.4056682063733304,1.0,0.4056682063733305,False,False,0.0992634549546427
baseline_smoke,residual,gpt2_small,gratitude,6,,,0.8,patched_vs_neutral,goemotions.caring,True,3,3,3,0.0009263774263672,0.0009977546869777,0.0006112853188549,0.0002393177632428,7.137726061046124e-05,0.1275542242972872,-0.000476240646094,0.000642204482574,-0.9956083152428192,1.295145314781376,0.220930397202938,0.845650720949851,1.0,0.9174663077849786,False,False,0.052257836934166496
baseline_smoke,residual,gpt2_small,gratitude,6,,,0.8,patched_vs_neutral,goemotions.confusion,True,3,3,3,0.3745514011631409,0.0624792861441771,0.516691584508088,0.0425108394811816,-0.3120721150189638,-0.5781173412250334,-0.9341501705348492,0.0329724755138158,-1.2221990863425234,0.2623653270408433,-1.0013286077383916,0.4221386890656954,1.0,0.5232085336015143,False,False,0.09531903264980879
baseline_smoke,residual,gpt2_small,gratitude,6,,,0.8,patched_vs_neutral,goemotions.curiosity,True,3,3,3,0.2049286694576343,0.6981180111567179,0.1852924558330852,0.0688771720828396,0.4931893416990836,2.010792886837178,0.236644297838211,0.7253675069659948,0.0,5.468391501332857,3.482795443500088,0.0734710895162767,0.4408265370976603,0.1889136025588156,False,False,0.4740894666180732
baseline_smoke,residual,gpt2_small,gratitude,6,,,0.8,patched_vs_neutral,goemotions.desire,True,3,3,3,0.0005857345143643,0.0009759808793508,0.0003208392493208,0.000460194894862,0.0003902463649865,0.72278300754105,-4.616755177266896e-05,0.0009940344607457,0.0,1.6552773460855763,1.2518968919085374,0.3371701750754142,1.0,0.6431552452030477,False,False,0.1198795699150176
baseline_smoke,residual,gpt2_small,gratitude,6,,,0.8,patched_vs_neutral,goemotions.disappointment,True,3,3,3,0.0005912013972798,0.0006189711663561,9.235630145479774e-05,9.83628280704572e-05,2.7769769076257944e-05,0.2032738927513762,-0.0001287845661863,0.0001228114706464,-0.4455529835787282,5.766867461164892,0.3520807100976905,0.7584155480658883,1.0,0.7584155480658884,False,False,0.05572362416779197
baseline_smoke,residual,gpt2_small,gratitude,6,,,0.8,patched_vs_neutral,goemotions.disapproval,True,3,3,3,0.0012494617452224,0.0009976254077628,0.0003222051971956,0.0003036692133441,-0.0002518363374595,-10.854336063104192,-0.0002763151424005,-0.000230168341659,-22.29588502319523,0.0,-18.800261543723604,0.0028173051259533,0.0169038307557198,0.0169038307557198,True,True,0.9999999687726869
baseline_smoke,residual,gpt2_small,gratitude,6,,,0.8,patched_vs_neutral,goemotions.disgust,True,3,3,3,0.0002435112352638,0.000380201585358,0.0001318577681024,6.647234328679798e-05,0.0001366903500941,1.7333010356797092,5.658282316289842e-05,0.0002142433222616,0.0,4.370491727832297,3.0021654586090114,0.0953473603806384,0.5720841622838306,0.0953473603806384,False,False,0.3877881643270255
baseline_smoke,residual,gpt2_small,gratitude,6,,,0.8,patched_vs_neutral,goemotions.embarrassment,True,3,3,3,0.0001650156045798,0.0001945747838666,5.303136318521461e-05,4.763528877459628e-05,2.955917928678294e-05,0.5632026807727986,-2.9621049179695547e-05,7.045659003779292e-05,-0.0849676318160015,4.818917241869151,0.9754956580574824,0.4321976381873916,1.0,0.4321976381873916,False,False,0.09306399996437974
baseline_smoke,residual,gpt2_small,gratitude,6,,,0.8,patched_vs_neutral,goemotions.excitement,True,3,3,3,0.0054406685618838,0.0009581032791174,0.0085268460633733,0.0003883163127934,-0.0044825652827663,-0.5485286519492755,-0.0139130704337731,0.0005163064633961,-1.161064390531705,0.9991810788144804,-0.95007949458341,0.4423489418265973,1.0,0.4423489418265973,False,False,0.09089759363573112
baseline_smoke,residual,gpt2_small,gratitude,6,,,0.8,patched_vs_neutral,goemotions.fear,True,3,3,3,0.0003572484711185,0.000479136952587,9.19469711100072e-05,0.000113782868946,0.0001218884814685,0.6012190978518764,-3.9726990507915616e-05,0.0003493660187814,-0.1412577512029339,1.485513692929878,1.0413420239601745,0.4070630355119693,1.0,0.57784911034819,False,False,0.09891660142375515
baseline_smoke,residual,gpt2_small,gratitude,6,,,0.8,patched_vs_neutral,goemotions.gratitude,True,3,3,3,0.0006244851877757,0.0002644206009184,0.0004175115969413,2.716563031385113e-05,-0.0003600645868573,-0.8097745139275204,-0.0008433338080067,3.173644654452801e-05,-1.964152999253758,0.0,-1.4025706007968568,0.2958220060113412,1.0,0.3772753840155985,False,False,0.13687391998873336
baseline_smoke,residual,gpt2_small,gratitude,6,,,0.8,patched_vs_neutral,goemotions.grief,True,3,3,3,0.0001060044620923,0.0001051286769021,4.661134298915402e-05,2.6201107831043925e-06,-8.757851901464164e-07,-0.0196465589520271,-5.113900260766968e-05,3.386405296623707e-05,-0.7690539413447878,2.474942591189752,-0.0340288382988082,0.9759449403855888,1.0,0.9988692821393031,False,False,0.05005362659503525
baseline_smoke,residual,gpt2_small,gratitude,6,,,0.8,patched_vs_neutral,goemotions.joy,True,3,3,3,0.0027340358744064,0.0004545801105753,0.0040855732614976,0.0001272733317743,-0.0022794557638311,-0.5749505379180135,-0.0068571217707358,5.271579721011221e-05,-1.163321576770348,0.4760585682201529,-0.9958435435130556,0.4242528795166091,1.0,0.4242528795166091,False,False,0.09483576996484037
baseline_smoke,residual,gpt2_small,gratitude,6,,,0.8,patched_vs_neutral,goemotions.love,True,3,3,3,0.0018615320441313,0.0016789370371649,0.0022017625486457,0.0008193394494766,-0.0001825950069663,-0.129311040925996,-0.0018025832250714,0.0007875345181673,-0.7981458999394282,3.681700700174679,-0.2239732928634434,0.8435765250049833,1.0,0.8435765250049833,False,False,0.05232038351297933
baseline_smoke,residual,gpt2_small,gratitude,6,,,0.8,patched_vs_neutral,goemotions.nervousness,True,3,3,3,0.0002847547245134,0.0001883871688429,0.0001441055133133,4.247888665504825e-05,-9.63675556704402e-05,-0.6036826914940608,-0.00028046357329,3.6880519473925233e-06,-1.2343288186538122,0.0,-1.0456090933176414,0.4054909847667508,1.0,0.4340432477393177,False,False,0.09930770097811059
baseline_smoke,residual,gpt2_small,gratitude,6,,,0.8,patched_vs_neutral,goemotions.neutral,True,3,3,3,0.1543031412487228,0.2154947916666666,0.2526493546183572,0.0300304440386489,0.0611916504179438,0.2728610675491149,-0.1975591033697128,0.1994157256558537,-0.3248452619952897,18.939541099085528,0.4726092324025503,0.6830451823091,1.0,0.81965421877092,False,False,0.06028822150583617
baseline_smoke,residual,gpt2_small,gratitude,6,,,0.8,patched_vs_neutral,goemotions.optimism,True,3,3,3,0.0017606911909145,0.0026044969369346,0.000973981583125,0.0013374083710219,0.0008438057460201,0.9067160524912172,-0.000217352178879,0.0015210362034849,0.0,8.404869735842471,1.5704782709530771,0.2568901340784627,1.0,0.5956684803892308,False,False,0.15762533370936876
baseline_smoke,residual,gpt2_small,gratitude,6,,,0.8,patched_vs_neutral,goemotions.pride,True,3,3,3,0.0001611161308877,1.989295560633764e-05,0.0002257491278333,2.9430267290551773e-06,-0.0001412231752813,-0.6335517704716468,-0.0003985703842772,-8.441420504823327e-06,-2.9342081282646237,0.0,-1.097343855682108,0.3869648180848191,1.0,0.3924265922933199,False,False,0.10416252041244306
baseline_smoke,residual,gpt2_small,gratitude,6,,,0.8,patched_vs_neutral,goemotions.realization,True,3,3,3,0.0018934423181538,0.001379753036114,0.0009695928664418,0.0003059758082715,-0.0005136892820398,-0.7012629452843371,-0.0013594982447102,-8.436129428446293e-05,-12.528398822201892,0.0,-1.2146230506978657,0.3484544296105897,1.0,0.6192548192507494,False,False,0.11592609395037498
baseline_smoke,residual,gpt2_small,gratitude,6,,,0.8,patched_vs_neutral,goemotions.relief,True,3,3,3,0.0001886068348539,7.103782142318475e-05,0.0002011028359286,1.4679891525236516e-05,-0.0001175690134308,-0.6302900518168706,-0.0003329420942463,-7.676619134144858e-06,-4.168566152442421,0.0,-1.0916943932520402,0.3889405389433867,1.0,0.3889405389433868,False,False,0.10362226982873075
baseline_smoke,residual,gpt2_small,gratitude,6,,,0.8,patched_vs_neutral,goemotions.remorse,True,3,3,3,0.0002078876811234,0.0002157612422403,0.0001375641668013,2.130653504152978e-05,7.873561116866767e-06,0.0654087478141021,-0.0001301297306781,9.124173084273934e-05,-0.5926723685005744,4.922773333369324,0.1132912744734846,0.9201467890537672,1.0,0.9767353138977088,False,False,0.050594230978393794
baseline_smoke,residual,gpt2_small,gratitude,6,,,0.8,patched_vs_neutral,goemotions.sadness,True,3,3,3,0.000390369988357,0.0004812596016563,8.307673324622616e-05,8.282181870017184e-06,9.088961329932016e-05,1.0317481010504947,-8.218485163524747e-06,0.0001602814008947,0.0,6.419806482352199,1.7870401316321651,0.2158417466655987,1.0,0.4570483303532953,False,False,0.18696167104161487
baseline_smoke,residual,gpt2_small,gratitude,6,,,0.8,patched_vs_neutral,goemotions.surprise,True,3,3,3,0.0019326240580994,0.0016755581988642,0.0013067457736644,0.0005130056946456,-0.0002570658592352,-0.2785436539513399,-0.0012170169502496,0.0006236603076104,-1.4511176329809976,0.7703848083477602,-0.4824517607696041,0.6771261270381427,1.0,0.9812827900203552,False,False,0.060718755618000074
baseline_smoke,residual,gpt2_small,gratitude,6,,,0.8,patched_vs_neutral,politeness.NEUTRAL,True,3,3,3,0.9992814461390176,0.9975143273671468,0.000284148165877,0.0032166141341971,-0.0017671187718709,-0.6025850206525378,-0.005152404308319,-5.125999450683594e-06,-1.218712729806378,0.0,-1.043707871650137,0.4061905829576522,1.0,0.4061905829576522,False,False,0.09913326735316082
baseline_smoke,residual,gpt2_small,gratitude,6,,,0.8,patched_vs_neutral,politeness.NOT_POLITE,True,3,3,3,0.0002329893177375,0.0003343956486787,2.7486137775937303e-05,0.0001059693022491,0.0001014063309412,1.2239933308409503,2.385629341006279e-05,0.0001886933168862,0.0,2.791163016276675,2.120018637141988,0.1681069046711951,1.0,0.2731874429222397,False,False,0.23692514527315203
baseline_smoke,residual,gpt2_small,gratitude,6,,,0.8,patched_vs_neutral,politeness.POLITE,True,3,3,3,0.0001217928244538,0.0001548741881075,2.5368795075315693e-05,2.857196416663909e-05,3.308136365376413e-05,0.9482351722628056,3.134366124868393e-06,7.138952787499875e-05,0.0,2.0721475270577487,1.6423914958830057,0.2422156835319121,1.0,0.2422156835319121,False,False,0.16706025419320597
baseline_smoke,residual,gpt2_small,gratitude,6,,,0.8,patched_vs_neutral,politeness.SOMEWHAT_POLITE,True,3,3,3,0.0003637699361812,0.0019964347156928,0.0002347365010696,0.0030977061202986,0.0016326647795115,0.570174411561339,-2.191003295592964e-05,0.0049390893545933,-13.34874001091146,1.1479987378710723,0.9875710499999264,0.4274634470352786,1.0,0.8790509637982198,False,False,0.09411145802189873
baseline_smoke,residual,gpt2_small,anger,0,,,0.8,patched_vs_neutral,goemotions.admiration,True,3,3,3,0.2307364158041309,0.0006151743000373,0.3987760365411946,0.0001201914665383,-0.2301212415040936,-0.5770536137363689,-0.6906003288459033,0.0001265376631636,-1.1544245311456958,12.72905242297114,-0.9994861776826168,0.4228475519277432,1.0,0.4231907044827365,False,False,0.0951564377212011
baseline_smoke,residual,gpt2_small,anger,0,,,0.8,patched_vs_neutral,goemotions.amusement,True,3,3,3,0.0004251103625089,0.0007850403975074,0.0002718796966723,9.204061209843756e-05,0.0003599300349984,1.3594511818717114,6.029941141605377e-05,0.0005623253091471,0.0,8.684505028500437,2.3546385174113627,0.1427369203538271,0.8564215221229625,0.291676815016008,False,False,0.2749966609805996
baseline_smoke,residual,gpt2_small,anger,0,,,0.8,patched_vs_neutral,goemotions.anger,True,3,3,3,0.0005329236737452,0.0008699010165097,0.0003175116165655,0.0002169366766782,0.0003369773427645,1.1975523163739807,0.0001369018573313,0.0006587283860426,0.0,4.179205532747035,2.074221456681533,0.1737674029464812,1.0,0.2085208835357774,False,False,0.22974606566217054
baseline_smoke,residual,gpt2_small,anger,0,,,0.8,patched_vs_neutral,goemotions.annoyance,True,3,3,3,0.0019657583907246,0.0030445849988609,0.0016851177145698,0.0006311906859222,0.0010788266081362,0.9456281289700332,-0.0002301973290741,0.0018613904248923,0.0,12.011389507682589,1.6378759644423928,0.2431048327974387,1.0,0.2917257993569264,False,False,0.16645857756452276
baseline_smoke,residual,gpt2_small,anger,0,,,0.8,patched_vs_neutral,goemotions.approval,True,3,3,3,0.0108517986179019,0.0026547698459277,0.0123296261450444,0.0004929910307317,-0.0081970287719741,-0.6744309561056088,-0.0220559851732105,0.0006472676759585,-1.4467497344006792,0.0,-1.1681486821721696,0.3631557198400482,1.0,0.4056682063733305,False,False,0.11114054327922576
baseline_smoke,residual,gpt2_small,anger,0,,,0.8,patched_vs_neutral,goemotions.caring,True,3,3,3,0.0009263774263672,0.0007337404337401,0.0006112853188549,0.0001184208225094,-0.0001926369926271,-0.2959461323961559,-0.0009026108309626,0.0003760051331482,-1.2590853291035111,0.9467408233234303,-0.5125937376136478,0.6592351547410265,1.0,0.9174663077849786,False,False,0.0620911138140714
baseline_smoke,residual,gpt2_small,anger,0,,,0.8,patched_vs_neutral,goemotions.confusion,True,3,3,3,0.3745514011631409,0.1111642594138781,0.516691584508088,0.0458185102530905,-0.2633871417492628,-0.4829987836861301,-0.891807459294796,0.0852594505995512,-1.12344907254959,1.5667988909973234,-0.836578433338347,0.4908617064277539,1.0,0.5232085336015143,False,False,0.08186573308620457
baseline_smoke,residual,gpt2_small,anger,0,,,0.8,patched_vs_neutral,goemotions.curiosity,True,3,3,3,0.2049286694576343,0.5504898031552633,0.1852924558330852,0.0211821996153628,0.345561133697629,1.7427597736297766,0.1680739820003509,0.5595653261989355,0.0,3.2913660162246083,3.0185484733140084,0.0944568012794078,0.5667408076764469,0.1889136025588156,False,False,0.39072496455140565
baseline_smoke,residual,gpt2_small,anger,0,,,0.8,patched_vs_neutral,goemotions.desire,True,3,3,3,0.0005857345143643,0.0007825818223257,0.0003208392493208,0.000411934712395,0.0001968473079614,0.3292592048623352,-0.0001792715047486,0.0008862294489517,-4.362669800514462,0.953594097282057,0.5702936716812942,0.6260055661460894,1.0,0.6431552452030477,False,False,0.06494365960057318
baseline_smoke,residual,gpt2_small,anger,0,,,0.8,patched_vs_neutral,goemotions.disappointment,True,3,3,3,0.0005912013972798,0.0007240469567477,9.235630145479774e-05,0.00010804138182,0.0001328455594678,2.013170523761521,7.925811223685741e-05,0.0002065512817353,0.0,5.256357923511176,3.486913631455002,0.0733162548231801,0.4398975289390808,0.1466325096463602,False,False,0.47482483253291874
baseline_smoke,residual,gpt2_small,anger,0,,,0.8,patched_vs_neutral,goemotions.disapproval,True,3,3,3,0.0012494617452224,0.0011908711943154,0.0003222051971956,0.0003212515865495,-5.85905509069562e-05,-0.6600499277213118,-0.0001240978017449,4.243571311235428e-05,-6.590249914282864,0.0,-1.1432400103454772,0.3713332845710821,1.0,0.8714296411431284,False,False,0.10864226457895909
baseline_smoke,residual,gpt2_small,anger,0,,,0.8,patched_vs_neutral,goemotions.disgust,True,3,3,3,0.0002435112352638,0.000380306514368,0.0001318577681024,0.000105704286957,0.0001367952791042,4.601306129577639,0.0001044254750013,0.0001628796599106,0.0,13.67167503143532,7.969695997606576,0.0153817333075875,0.0922903998455252,0.0922903998455252,False,False,
baseline_smoke,residual,gpt2_small,anger,0,,,0.8,patched_vs_neutral,goemotions.embarrassment,True,3,3,3,0.0001650156045798,0.0002400107429518,5.303136318521461e-05,4.9626141113866e-05,7.499513837198417e-05,1.8346620724952816,2.790337020996958e-05,0.0001013137225527,0.0,31.06698713710105,3.1777279242814425,0.0863902361729994,0.5183414170379967,0.1727804723459989,False,False,0.4193276304322052
baseline_smoke,residual,gpt2_small,anger,0,,,0.8,patched_vs_neutral,goemotions.excitement,True,3,3,3,0.0054406685618838,0.0008251120064718,0.0085268460633733,0.0002676614588034,-0.004615556555412,-0.5578374666736364,-0.0141662678215652,0.0003772600612137,-1.1617794341433347,0.9250654355125972,-0.9662028346442484,0.4358797184181264,1.0,0.4423489418265973,False,False,0.09226587340289934
baseline_smoke,residual,gpt2_small,anger,0,,,0.8,patched_vs_neutral,goemotions.fear,True,3,3,3,0.0003572484711185,0.0004354801203589,9.19469711100072e-05,2.091347031648387e-05,7.823164924047887e-05,0.7569497308557946,-2.9817165341228247e-05,0.0001761372259352,0.0,2.898840413150419,1.3110753926178234,0.3201402582023203,1.0,0.57784911034819,False,False,0.12636322616894846
baseline_smoke,residual,gpt2_small,anger,0,,,0.8,patched_vs_neutral,goemotions.gratitude,True,3,3,3,0.0006244851877757,0.0002985638372289,0.0004175115969413,2.4288316254402337e-05,-0.0003259213505468,-0.8288397270529183,-0.0007536118500865,1.9974395399913192e-05,-1.9846355891047545,0.0,-1.435592518587175,0.2876086213210968,1.0,0.3772753840155985,False,False,0.1408084852328851
baseline_smoke,residual,gpt2_small,anger,0,,,0.8,patched_vs_neutral,goemotions.grief,True,3,3,3,0.0001060044620923,0.0001091890226234,4.661134298915402e-05,5.999200604595004e-06,3.18456053112944e-06,0.0606187701652872,-5.582073936238885e-05,4.487845581024885e-05,-0.6895330077433726,2.610665536802548,0.1049947898186179,0.9259612408034092,1.0,0.9988692821393031,False,False,0.05051040747993837
baseline_smoke,residual,gpt2_small,anger,0,,,0.8,patched_vs_neutral,goemotions.joy,True,3,3,3,0.0027340358744064,0.0003945085530479,0.0040855732614976,0.0001197207796322,-0.0023395273213585,-0.5894897869097733,-0.0069205237086862,5.9102021623402834e-05,-1.1949482032382583,0.0,-1.021026261470678,0.4146414009424001,1.0,0.4242528795166091,False,False,0.09707420718123784
baseline_smoke,residual,gpt2_small,anger,0,,,0.8,patched_vs_neutral,goemotions.love,True,3,3,3,0.0018615320441313,0.0007404415907027,0.0022017625486457,0.0001273383724411,-0.0011210904534285,-0.5215101048809971,-0.0035983162233605,0.000254365208093,-1.1640505964202614,1.032429491147724,-0.903281998314461,0.4617137023139639,1.0,0.6873467838381705,False,False,0.08704557259588148
baseline_smoke,residual,gpt2_small,anger,0,,,0.8,patched_vs_neutral,goemotions.nervousness,True,3,3,3,0.0002847547245134,0.0002043671896293,0.0001441055133133,2.1248262825023637e-05,-8.038753488411506e-05,-0.589617815624424,-0.0002355374163016,2.030748873949051e-05,-1.3689929941005206,0.1833217924224461,-1.0212480137092808,0.4145578397170841,1.0,0.4340432477393177,False,False,0.09709414161778845
baseline_smoke,residual,gpt2_small,anger,0,,,0.8,patched_vs_neutral,goemotions.neutral,True,3,3,3,0.1543031412487228,0.3173285623391469,0.2526493546183572,0.0465609520958421,0.163025421090424,0.546287173096648,-0.1813813149929046,0.3449818287044763,-0.0424727047461741,30.05546171569388,0.9461971393265682,0.4439220575839058,1.0,0.6658830863758587,False,False,0.09057125963116396
baseline_smoke,residual,gpt2_small,anger,0,,,0.8,patched_vs_neutral,goemotions.optimism,True,3,3,3,0.0017606911909145,0.001383832655847,0.000973981583125,0.0002538527173671,-0.0003768585350674,-0.475958556220952,-0.0011409443104639,0.0004399932804517,-2.200828679507456,0.2990010060135663,-0.8243844016718169,0.496390400324359,1.0,0.5956684803892308,False,False,0.0809587431392933
baseline_smoke,residual,gpt2_small,anger,0,,,0.8,patched_vs_neutral,goemotions.pride,True,3,3,3,0.0001611161308877,2.0811920573275227e-05,0.0002257491278333,2.337416046487588e-06,-0.0001403042103144,-0.6273668507315397,-0.0003984921058872,-6.848204066045582e-06,-2.514315211857435,0.0,-1.0866312604515067,0.3907209679898809,1.0,0.3924265922933199,False,False,0.10314018378152151
baseline_smoke,residual,gpt2_small,anger,0,,,0.8,patched_vs_neutral,goemotions.realization,True,3,3,3,0.0018934423181538,0.001637519764093,0.0009695928664418,0.0003576048233113,-0.0002559225540608,-0.3527999453610895,-0.0010912558063864,0.000215362990275,-0.9985547712061872,2.901082846736575,-0.611067430272931,0.6033537469221909,1.0,0.6192548192507494,False,False,0.06713679782776642
baseline_smoke,residual,gpt2_small,anger,0,,,0.8,patched_vs_neutral,goemotions.relief,True,3,3,3,0.0001886068348539,6.490438924326251e-05,0.0002011028359286,1.1262874702260845e-05,-0.0001237024456107,-0.6506710495177457,-0.0003431040022405,-7.598504453198984e-06,-2.1823954524368494,0.0,-1.1269953167789004,0.3767814525674696,1.0,0.3889405389433868,False,False,0.10703828247475962
baseline_smoke,residual,gpt2_small,anger,0,,,0.8,patched_vs_neutral,goemotions.remorse,True,3,3,3,0.0002078876811234,0.0001985157383993,0.0001375641668013,2.889542662131205e-05,-9.371942724101244e-06,-0.086136514852279,-0.0001350071834167,5.355570465326309e-05,-0.6642117063232544,420.96088727292727,-0.1491928201110584,0.8950869316717252,1.0,0.9767353138977088,False,False,0.051030287585478826
baseline_smoke,residual,gpt2_small,anger,0,,,0.8,patched_vs_neutral,goemotions.sadness,True,3,3,3,0.000390369988357,0.0004852874262724,8.307673324622616e-05,6.310996643857436e-05,9.49174379153798e-05,0.6507740444259195,-6.983574712648988e-05,0.0002075500960927,0.0,5.363397540366176,1.1271737091927785,0.376721124265384,1.0,0.4570483303532953,False,False,0.10705578763391588
baseline_smoke,residual,gpt2_small,anger,0,,,0.8,patched_vs_neutral,goemotions.surprise,True,3,3,3,0.0019326240580994,0.0021978055980677,0.0013067457736644,0.0006236536255713,0.0002651815399682,0.3180227522505035,-0.000633074901998,0.0010145567648578,-0.4698070799781529,2.3490134264232583,0.5508315648607617,0.6370617967745871,1.0,0.9812827900203552,False,False,0.06394851227606753
baseline_smoke,residual,gpt2_small,anger,0,,,0.8,patched_vs_neutral,politeness.NEUTRAL,True,3,3,3,0.9992814461390176,0.99710613489151,0.000284148165877,0.0022437997588201,-0.0021753112475077,-0.947271389714512,-0.004729151725769,-0.0002804398536682,-1.9721724790224973,0.0,-1.6407221755419132,0.2425438972629507,1.0,0.4061905829576522,False,False,0.1668376815264874
baseline_smoke,residual,gpt2_small,anger,0,,,0.8,patched_vs_neutral,politeness.NOT_POLITE,True,3,3,3,0.0002329893177375,0.0023751944827381,2.7486137775937303e-05,0.0021601225932218,0.0021422051650006,0.992776081353582,0.0002033517812378,0.0044668830523733,0.0,2.277053557908356,1.7195386134435369,0.2276562024351997,1.0,0.2731874429222397,False,False,0.17752560723546612
baseline_smoke,residual,gpt2_small,anger,0,,,0.8,patched_vs_neutral,politeness.POLITE,True,3,3,3,0.0001217928244538,0.0001928478256256,2.5368795075315693e-05,3.0334058417634165e-05,7.105500117177144e-05,1.4111437148193289,1.3032171409577131e-05,0.0001032936925184,0.0,27.1410564817026,2.444172610848564,0.1344457187047852,0.8066743122287113,0.2349978898138502,False,False,0.2900244933989661
baseline_smoke,residual,gpt2_small,anger,0,,,0.8,patched_vs_neutral,politeness.SOMEWHAT_POLITE,True,3,3,3,0.0003637699361812,0.0003257957529664,0.0002347365010696,8.784382795153461e-05,-3.797418321482837e-05,-0.1838040994758207,-0.0002530917990952,0.0001589011662872,-1.3011553709779993,0.9633771737827383,-0.3183580389315656,0.7803827579406706,1.0,0.8790509637982198,False,False,0.05468228026529903
baseline_smoke,residual,gpt2_small,anger,6,,,0.8,patched_vs_neutral,goemotions.admiration,True,3,3,3,0.2307364158041309,0.0005570263601839,0.3987760365411946,4.077422737969926e-05,-0.230179389443947,-0.5772722882637845,-0.6906003288459033,0.0001679637061897,-1.1549659373035868,0.4853117061493501,-0.9998649330744216,0.4227017216052551,1.0,0.4231907044827365,False,False,0.09518984091527707
baseline_smoke,residual,gpt2_small,anger,6,,,0.8,patched_vs_neutral,goemotions.amusement,True,3,3,3,0.0004251103625089,0.0006840393762104,0.0002718796966723,8.219681874506352e-05,0.0002589290137014,0.9926340584427013,6.029941141605377e-05,0.0005543372972169,0.0,2.180136962095,1.7192926225460528,0.2277007886718711,1.0,0.291676815016008,False,False,0.1774916887962068
baseline_smoke,residual,gpt2_small,anger,6,,,0.8,patched_vs_neutral,goemotions.anger,True,3,3,3,0.0005329236737452,0.0008478359668515,0.0003175116165655,0.0002162322277721,0.0003149122931063,1.4211843319767146,0.0001606147270649,0.0005688203673344,0.0,6.2416969619195575,2.461563469904504,0.1329133105108514,0.7974798630651085,0.2085208835357774,False,False,0.29297122361844546
baseline_smoke,residual,gpt2_small,anger,6,,,0.8,patched_vs_neutral,goemotions.annoyance,True,3,3,3,0.0019657583907246,0.0031120359587172,0.0016851177145698,0.0009420172330402,0.0011462775679926,1.533377975866968,0.0002836736384779,0.0016052867285907,0.0,49.598029993277606,2.655888561408713,0.1173353331698962,0.7040119990193773,0.2346706663397924,False,False,0.32642997507881216
baseline_smoke,residual,gpt2_small,anger,6,,,0.8,patched_vs_neutral,goemotions.approval,True,3,3,3,0.0108517986179019,0.0024042786875118,0.0123296261450444,0.000413926520746,-0.00844751993039,-0.7054271872977378,-0.0220559851732105,0.0004801243776455,-1.5114183443040812,0.0,-1.2218357294400883,0.3462362598001148,1.0,0.4056682063733305,False,False,0.1166831583637665
baseline_smoke,residual,gpt2_small,anger,6,,,0.8,patched_vs_neutral,goemotions.caring,True,3,3,3,0.0009263774263672,0.0007195703025596,0.0006112853188549,0.0001733070012041,-0.0002068071238075,-0.3133798677787681,-0.0009026108309626,0.0004101552185602,-1.4408227952426695,0.7428169555298975,-0.5427898530620433,0.6416757050495033,1.0,0.9174663077849786,False,False,0.06354710709679953
baseline_smoke,residual,gpt2_small,anger,6,,,0.8,patched_vs_neutral,goemotions.confusion,True,3,3,3,0.3745514011631409,0.1211032904684543,0.516691584508088,0.0738906133677735,-0.2534481106946866,-0.4499832398207035,-0.9036304093897344,0.0852594505995512,-1.050188158316116,4.8452860626771495,-0.7793938339239093,0.5173319236445822,1.0,0.5232085336015143,False,False,0.0777202762026936
baseline_smoke,residual,gpt2_small,anger,6,,,0.8,patched_vs_neutral,goemotions.curiosity,True,3,3,3,0.2049286694576343,0.5287659565607706,0.1852924558330852,0.127429977339183,0.3238372871031363,1.0363068537971585,0.0190049111843109,0.6434628572314978,0.0,2.755328636298733,1.794936123008531,0.2145128941815859,1.0,0.2145128941815859,False,False,0.18808192280910976
baseline_smoke,residual,gpt2_small,anger,6,,,0.8,patched_vs_neutral,goemotions.desire,True,3,3,3,0.0005857345143643,0.0007568799095073,0.0003208392493208,0.0003674300588248,0.0001711453951429,0.3118966427229339,-0.0001792715047486,0.0008035242790356,-3.958589196001496,0.944778868066169,0.5402208319062792,0.6431552452030477,1.0,0.6431552452030477,False,False,0.06342008173778292
baseline_smoke,residual,gpt2_small,anger,6,,,0.8,patched_vs_neutral,goemotions.disappointment,True,3,3,3,0.0005912013972798,0.0007121355350439,9.235630145479774e-05,0.0001007628573471,0.000120934137764,1.6920620667887851,5.3920375648885965e-05,0.0001961547532118,0.0,3.4950494293233985,2.93073746923818,0.0993731550510335,0.5962389303062012,0.1490597325765503,False,False,0.37500890193049413
baseline_smoke,residual,gpt2_small,anger,6,,,0.8,patched_vs_neutral,goemotions.disapproval,True,3,3,3,0.0012494617452224,0.001236889239711,0.0003222051971956,0.0004388560089954,-1.257250551134348e-05,-0.1058558204789977,-0.0001240978017449,0.0001123126130551,-1.612255599236095,0.8297981651531278,-0.1833476593465142,0.8714296411431284,1.0,0.8714296411431284,False,False,0.051555582876622014
baseline_smoke,residual,gpt2_small,anger,6,,,0.8,patched_vs_neutral,goemotions.disgust,True,3,3,3,0.0002435112352638,0.0003514703906451,0.0001318577681024,8.241866411112695e-05,0.0001079591553813,2.1810682154937497,5.134791717864573e-05,0.0001430807024007,0.0,17.602349481139978,3.77772096400876,0.0634727702523386,0.3808366215140317,0.0953473603806384,False,False,0.5262204305925491
baseline_smoke,residual,gpt2_small,anger,6,,,0.8,patched_vs_neutral,goemotions.embarrassment,True,3,3,3,0.0001650156045798,0.0002306273624223,5.303136318521461e-05,4.786025610611401e-05,6.561175784251343e-05,1.3617132984725877,1.0806048521772029e-05,0.0001013137225527,0.0,9.99489867746052,2.358556618296725,0.1423594532909392,0.8541567197456352,0.2135391799364088,False,False,0.27564905532657796
baseline_smoke,residual,gpt2_small,anger,6,,,0.8,patched_vs_neutral,goemotions.excitement,True,3,3,3,0.0054406685618838,0.0008028180842908,0.0085268460633733,0.0002915349281639,-0.004637850477593,-0.5618103429465897,-0.0141662678215652,0.0003610709973145,-1.168050719473785,0.7549019656782341,-0.9730840582011886,0.4331499298371132,1.0,0.4423489418265973,False,False,0.0928562100642843
baseline_smoke,residual,gpt2_small,anger,6,,,0.8,patched_vs_neutral,goemotions.fear,True,3,3,3,0.0003572484711185,0.0004009320012604,9.19469711100072e-05,3.122825974934717e-05,4.368353014190992e-05,0.3640995200165289,-5.770678399130702e-05,0.0001761372259352,-0.8438845024615574,1.2883791651622407,0.6306388676800695,0.5927296209889952,1.0,0.5927296209889952,False,False,0.0682413264023755
baseline_smoke,residual,gpt2_small,anger,6,,,0.8,patched_vs_neutral,goemotions.gratitude,True,3,3,3,0.0006244851877757,0.0003121837604946,0.0004175115969413,1.147526564028338e-05,-0.0003123014272811,-0.7689732763783119,-0.0007536118500865,4.573509795591235e-05,-1.9108941613831036,0.0,-1.3319007843499406,0.3143961533463321,1.0,0.3772753840155985,False,False,0.12870426935013593
baseline_smoke,residual,gpt2_small,anger,6,,,0.8,patched_vs_neutral,goemotions.grief,True,3,3,3,0.0001060044620923,0.0001060507759878,4.661134298915402e-05,3.617136820652189e-06,4.631389553348223e-08,0.000923227857437,-5.582073936238885e-05,4.123502731090412e-05,-0.7931765992908583,2.1167333187988984,0.0015990775560438,0.9988692821393031,1.0,0.9988692821393031,False,False,0.05000011842447373
baseline_smoke,residual,gpt2_small,anger,6,,,0.8,patched_vs_neutral,goemotions.joy,True,3,3,3,0.0027340358744064,0.0003741067290926,0.0040855732614976,0.0001354354316923,-0.0023599291453137,-0.5974036597551572,-0.0069205237086862,-4.297093255445361e-06,-1.2040986038842445,0.0,-1.0347334913235229,0.409511161600347,1.0,0.4242528795166091,False,False,0.09831371842201715
baseline_smoke,residual,gpt2_small,anger,6,,,0.8,patched_vs_neutral,goemotions.love,True,3,3,3,0.0018615320441313,0.0006194562301971,0.0022017625486457,0.0001662266025885,-0.0012420758139342,-0.608667634454155,-0.0035983162233605,-4.555069608613849e-05,-3.298044529278925,0.0,-1.0542432677973572,0.4023307693016339,1.0,0.6873467838381705,False,False,0.10010343648469083
baseline_smoke,residual,gpt2_small,anger,6,,,0.8,patched_vs_neutral,goemotions.nervousness,True,3,3,3,0.0002847547245134,0.0001984583068406,0.0001441055133133,2.5190663834562936e-05,-8.629641767280798e-05,-0.6219226532438937,-0.0002450115571264,1.205498119816184e-05,-1.3597258438263868,0.0,-1.077201633796465,0.3940615740879297,1.0,0.4340432477393177,False,False,0.1022476320079421
baseline_smoke,residual,gpt2_small,anger,6,,,0.8,patched_vs_neutral,goemotions.neutral,True,3,3,3,0.1543031412487228,0.3299652238686879,0.2526493546183572,0.0587827456741613,0.175662082619965,0.8003904113694441,-0.0722932815551757,0.3449818287044763,0.0,6.011741650451377,1.3863168583828314,0.2999715957482062,1.0,0.5999431914964124,False,False,0.1349644485415577
baseline_smoke,residual,gpt2_small,anger,6,,,0.8,patched_vs_neutral,goemotions.optimism,True,3,3,3,0.0017606911909145,0.0013087898454008,0.000973981583125,0.0003766720548494,-0.0004519013455137,-0.5439498507694673,-0.0011409443104639,0.000470639381092,-3.7606901712279135,0.1277917553809802,-0.9421487783022262,0.4455688279145463,1.0,0.5956684803892308,False,False,0.09023227109424192
baseline_smoke,residual,gpt2_small,anger,6,,,0.8,patched_vs_neutral,goemotions.pride,True,3,3,3,0.0001611161308877,2.0598528256717447e-05,0.0002257491278333,3.0876729227095827e-06,-0.000140517602631,-0.6287741168295314,-0.0003984921058872,-6.091400791774504e-06,-2.124613412290582,0.0,-1.0890687168329976,0.3898626928835438,1.0,0.3924265922933199,False,False,0.10337201873148606
baseline_smoke,residual,gpt2_small,anger,6,,,0.8,patched_vs_neutral,goemotions.realization,True,3,3,3,0.0018934423181538,0.0016015204212938,0.0009695928664418,0.000414902811144,-0.00029192189686,-0.4143937739791169,-0.0010962492087855,0.000215362990275,-1.1466478252515553,1.1968852352211778,-0.7177510708720443,0.5474250933102598,1.0,0.6192548192507494,False,False,0.07356154800946375
baseline_smoke,residual,gpt2_small,anger,6,,,0.8,patched_vs_neutral,goemotions.relief,True,3,3,3,0.0001886068348539,6.222170729112501e-05,0.0002011028359286,1.337436296135776e-05,-0.0001263851275628,-0.6732191658453849,-0.0003431040022405,-1.376019645249471e-05,-3.94844033199264,0.0,-1.166049799873345,0.3638366431704838,1.0,0.3889405389433868,False,False,0.11092822594719488
baseline_smoke,residual,gpt2_small,anger,6,,,0.8,patched_vs_neutral,goemotions.remorse,True,3,3,3,0.0002078876811234,0.000190358327624,0.0001375641668013,3.324964300171761e-05,-1.7529353499412537e-05,-0.1660500776612624,-0.0001388567616231,5.333565059117973e-05,-0.8226568854029505,3.950506789158852,-0.2876071711100644,0.8007104680476603,1.0,0.9767353138977088,False,False,0.05382315842652044
baseline_smoke,residual,gpt2_small,anger,6,,,0.8,patched_vs_neutral,goemotions.sadness,True,3,3,3,0.000390369988357,0.0004654591806077,8.307673324622616e-05,5.701376035610742e-05,7.508919225074351e-05,0.556655824744527,-6.983574712648988e-05,0.0001969864533748,-0.1428472717253048,2.8735649237397096,0.9641561707866776,0.4366952219220615,1.0,0.4570483303532953,False,False,0.09209102578774236
baseline_smoke,residual,gpt2_small,anger,6,,,0.8,patched_vs_neutral,goemotions.surprise,True,3,3,3,0.0019326240580994,0.0020897834716985,0.0013067457736644,0.0005216089116955,0.000157159413599,0.1919000104464452,-0.000633074901998,0.0010021111520472,-0.9134623906846993,1.351922740091579,0.3323805680662415,0.7712056317145902,1.0,0.9812827900203552,False,False,0.05510270547556129
baseline_smoke,residual,gpt2_small,anger,6,,,0.8,patched_vs_neutral,politeness.NEUTRAL,True,3,3,3,0.9992814461390176,0.997592568397522,0.000284148165877,0.0024918847217744,-0.0016888777414957,-0.6390594087739857,-0.004729151725769,5.8650970458984375e-05,-1.3130477606074726,0.0,-1.1068833650514711,0.3836546048983582,1.0,0.4061905829576522,False,False,0.10508035342570296
baseline_smoke,residual,gpt2_small,anger,6,,,0.8,patched_vs_neutral,politeness.NOT_POLITE,True,3,3,3,0.0002329893177375,0.0019157910719513,2.7486137775937303e-05,0.0024033359717854,0.0016828017542138,0.6979425722395958,0.0002863655681721,0.0044668830523733,0.0,57.575533522433226,1.208871995884291,0.3502351555093024,1.0,0.3502351555093024,False,False,0.11532519646444234
baseline_smoke,residual,gpt2_small,anger,6,,,0.8,patched_vs_neutral,politeness.POLITE,True,3,3,3,0.0001217928244538,0.000184164600796,2.5368795075315693e-05,4.0879063461257326e-05,6.237177634223674e-05,1.023882588882249,-7.636321242898703e-06,0.0001032936925184,0.0,14.538730570726344,1.7734166649292118,0.2181601286614644,1.0,0.2422156835319121,False,False,0.18503684017390193
baseline_smoke,residual,gpt2_small,anger,6,,,0.8,patched_vs_neutral,politeness.SOMEWHAT_POLITE,True,3,3,3,0.0003637699361812,0.0003074608296932,0.0002347365010696,5.972164971559008e-05,-5.630910648809125e-05,-0.2211961597070954,-0.0003373139188624,0.0001589011662872,-1.1073265972617123,1.2646571790270469,-0.3831229870518089,0.7385166057955661,1.0,0.8790509637982198,False,False,0.056773634136762376
baseline_smoke,residual,gpt2_small,apology,0,,,0.8,patched_vs_neutral,goemotions.admiration,True,3,3,3,0.2307364158041309,0.0005425828276202,0.3987760365411946,5.340588622206004e-05,-0.2301938329765107,-0.5773266315456209,-0.6906003288459033,0.0001265376631636,-1.1549707154732751,0.3582909530285647,-0.9999590583996124,0.4226654895623014,1.0,0.4231907044827365,False,False,0.0951981437875959
baseline_smoke,residual,gpt2_small,apology,0,,,0.8,patched_vs_neutral,goemotions.amusement,True,3,3,3,0.0004251103625089,0.0006849710868361,0.0002718796966723,8.62180216019446e-05,0.0002598607243271,0.9755882191685216,6.029941141605377e-05,0.0005623253091471,0.0,2.235227757389365,1.6897683628655205,0.2331359580050388,1.0,0.291676815016008,False,False,0.17344598007722775
baseline_smoke,residual,gpt2_small,apology,0,,,0.8,patched_vs_neutral,goemotions.anger,True,3,3,3,0.0005329236737452,0.0008821648661978,0.0003175116165655,0.0002311562098395,0.0003492411924526,1.299115509140023,0.0001736934063956,0.0006587283860426,0.0,8.385114591733117,2.25013406673123,0.1533369332818505,0.9200215996911032,0.2085208835357774,False,False,0.25778742020014345
baseline_smoke,residual,gpt2_small,apology,0,,,0.8,patched_vs_neutral,goemotions.annoyance,True,3,3,3,0.0019657583907246,0.0032322125819822,0.0016851177145698,0.0009245303993682,0.0012664541912575,1.546827199599096,0.0003326854202896,0.0018613904248923,0.0,12.011389507682589,2.679183300235119,0.1156425210470642,0.6938551262823853,0.2346706663397924,False,False,0.33049853340059154
baseline_smoke,residual,gpt2_small,apology,0,,,0.8,patched_vs_neutral,goemotions.approval,True,3,3,3,0.0108517986179019,0.0024461265808592,0.0123296261450444,0.0003218699274959,-0.0084056720370426,-0.6987490207848226,-0.0220559851732105,0.0006472676759585,-1.5161801521472411,0.0,-1.2102688057383142,0.3498016673977321,1.0,0.4056682063733305,False,False,0.11547091706240856
baseline_smoke,residual,gpt2_small,apology,0,,,0.8,patched_vs_neutral,goemotions.caring,True,3,3,3,0.0009263774263672,0.0007119689059133,0.0006112853188549,0.0001507538790848,-0.0002144085204539,-0.3324715926566876,-0.0009026108309626,0.0003760051331482,-1.411690169570648,0.7446695204838975,-0.5758576905547266,0.6228735240628697,1.0,0.9174663077849786,False,False,0.06523431303693007
baseline_smoke,residual,gpt2_small,apology,0,,,0.8,patched_vs_neutral,goemotions.confusion,True,3,3,3,0.3745514011631409,0.1227821384867032,0.516691584508088,0.0655133133771882,-0.2517692626764377,-0.4540062071691625,-0.891807459294796,0.0852594505995512,-1.0605900628748417,3.763538708955436,-0.786361817768631,0.514032381365263,1.0,0.5232085336015143,False,False,0.07821067897304514
baseline_smoke,residual,gpt2_small,apology,0,,,0.8,patched_vs_neutral,goemotions.curiosity,True,3,3,3,0.2049286694576343,0.5033798019091288,0.1852924558330852,0.0846981855370449,0.2984511324514945,1.119603584811016,0.0267439782619476,0.5595653261989355,0.0,3.2913660162246083,1.93921029322893,0.1920333425432484,1.0,0.2145128941815859,False,False,0.20912824277407557
baseline_smoke,residual,gpt2_small,apology,0,,,0.8,patched_vs_neutral,goemotions.desire,True,3,3,3,0.0005857345143643,0.0007859227577379,0.0003208392493208,0.0004070641342679,0.0002001882433736,0.3363120614173083,-0.0001792715047486,0.0008862294489517,-3.6832786744258823,0.9690524978560832,0.5825095775730027,0.6191460238051505,1.0,0.6431552452030477,False,False,0.06558537757138055
baseline_smoke,residual,gpt2_small,apology,0,,,0.8,patched_vs_neutral,goemotions.disappointment,True,3,3,3,0.0005912013972798,0.000723891891539,9.235630145479774e-05,0.0001078469954509,0.0001326904942591,2.018767595036349,7.925811223685741e-05,0.0002060860861092,0.0,5.256357923511176,3.496608043276589,0.0729536202825912,0.4377217216955474,0.1466325096463602,False,False,0.4765552794064612
baseline_smoke,residual,gpt2_small,apology,0,,,0.8,patched_vs_neutral,goemotions.disapproval,True,3,3,3,0.0012494617452224,0.0012648964766412,0.0003222051971956,0.0004389190411632,1.5434731418887775e-05,0.1204117468949272,-0.0001240978017449,0.0001279662828892,-0.713343066107081,2.0140518949496804,0.208559263450138,0.8541043021269548,1.0,0.8714296411431284,False,False,0.05201231896407129
baseline_smoke,residual,gpt2_small,apology,0,,,0.8,patched_vs_neutral,goemotions.disgust,True,3,3,3,0.0002435112352638,0.0003614734062769,0.0001318577681024,7.420567644376576e-05,0.0001179621710131,1.9194718751541415,4.792615072801709e-05,0.0001628796599106,0.0,13.67167503143532,3.324622811466478,0.0797935612947339,0.4787613677684034,0.0953473603806384,False,False,0.44574629194042475
baseline_smoke,residual,gpt2_small,apology,0,,,0.8,patched_vs_neutral,goemotions.embarrassment,True,3,3,3,0.0001650156045798,0.0002369892996891,5.303136318521461e-05,4.443772953792966e-05,7.19736951092879e-05,1.8521853032679272,2.790337020996958e-05,0.0001013137225527,0.0,11.433858364685024,3.208079050292419,0.0849647442553471,0.5097884655320827,0.1727804723459989,False,False,0.424788304615472
baseline_smoke,residual,gpt2_small,apology,0,,,0.8,patched_vs_neutral,goemotions.excitement,True,3,3,3,0.0054406685618838,0.00080817413982,0.0085268460633733,0.0002901152885221,-0.0046324944220638,-0.5608305198420838,-0.0141662678215652,0.0003772600612137,-1.1680657299592625,0.7678952471149415,-0.9713869548017544,0.4338214466337692,1.0,0.4423489418265973,False,False,0.09271026296682938
baseline_smoke,residual,gpt2_small,apology,0,,,0.8,patched_vs_neutral,goemotions.fear,True,3,3,3,0.0003572484711185,0.0004109014116693,9.19469711100072e-05,2.7556441925081597e-05,5.365294055081904e-05,0.4950518681909279,-2.9817165341228247e-05,0.0001761372259352,-0.5843586297405111,1.311699417176274,0.8574549880885782,0.4815409252901583,1.0,0.57784911034819,False,False,0.08344729899828052
baseline_smoke,residual,gpt2_small,apology,0,,,0.8,patched_vs_neutral,goemotions.gratitude,True,3,3,3,0.0006244851877757,0.0003073260789581,0.0004175115969413,1.6312702453275525e-05,-0.0003171591088175,-0.7832891962166783,-0.0007536118500865,4.626112058758736e-05,-1.9846355891047545,0.0,-1.3566966848670745,0.3077200383964629,1.0,0.3772753840155985,False,False,0.131531363971802
baseline_smoke,residual,gpt2_small,apology,0,,,0.8,patched_vs_neutral,goemotions.grief,True,3,3,3,0.0001060044620923,0.0001074921092367,4.661134298915402e-05,5.442157807087738e-06,1.4876471444343526e-06,0.0287345020946468,-5.582073936238885e-05,4.487845581024885e-05,-0.7800810773283307,2.0600180631332656,0.0497696175581225,0.9648293387506164,1.0,0.9988692821393031,False,False,0.050114709824550345
baseline_smoke,residual,gpt2_small,apology,0,,,0.8,patched_vs_neutral,goemotions.joy,True,3,3,3,0.0027340358744064,0.0003738226077985,0.0040855732614976,0.0001355685446441,-0.0023602132666079,-0.597507635843588,-0.0069205237086862,-2.955814125016332e-06,-1.1949482032382583,0.0,-1.034913583191457,0.4094442295506471,1.0,0.4242528795166091,False,False,0.09833010229352332
baseline_smoke,residual,gpt2_small,apology,0,,,0.8,patched_vs_neutral,goemotions.love,True,3,3,3,0.0018615320441313,0.0006249792544015,0.0022017625486457,0.0001670570578609,-0.0012365527897297,-0.6044732111297659,-0.0035983162233605,-1.9320345018059012e-05,-1.614991447636822,0.0,-1.0469783134910635,0.4049879835280409,1.0,0.6873467838381705,False,False,0.09943350010751538
baseline_smoke,residual,gpt2_small,apology,0,,,0.8,patched_vs_neutral,goemotions.nervousness,True,3,3,3,0.0002847547245134,0.0002024746257423,0.0001441055133133,2.4310595892192563e-05,-8.228009877105553e-05,-0.6128171000443253,-0.0002355374163016,1.4629797078669071e-05,-1.3689929941005206,0.0473540261944359,-1.061430353023791,0.3997212739188643,1.0,0.4340432477393177,False,False,0.10077025511437339
baseline_smoke,residual,gpt2_small,apology,0,,,0.8,patched_vs_neutral,goemotions.neutral,True,3,3,3,0.1543031412487228,0.3533799846967061,0.2526493546183572,0.0192418827014394,0.1990768434479832,0.8434613056718178,-0.073227047920227,0.3449818287044763,0.0,30.05546171569388,1.4609178356419714,0.2815016096848002,1.0,0.5999431914964124,False,False,0.14387551701265158
baseline_smoke,residual,gpt2_small,apology,0,,,0.8,patched_vs_neutral,goemotions.optimism,True,3,3,3,0.0017606911909145,0.0012940338541132,0.000973981583125,0.0003824812981896,-0.0004666573368012,-0.5721076159188372,-0.0011409443104639,0.0004399932804517,-3.894406209489284,0.0917289012213094,-0.990919458168527,0.4261607336006405,1.0,0.5956684803892308,False,False,0.09440397536675113
baseline_smoke,residual,gpt2_small,apology,0,,,0.8,patched_vs_neutral,goemotions.pride,True,3,3,3,0.0001611161308877,2.1023889833789628e-05,0.0002257491278333,2.3312726149492885e-06,-0.0001400922410539,-0.6258874107776456,-0.0003984921058872,-6.212296284502372e-06,-2.304271520822625,0.0,-1.0840687952846149,0.3916255758610688,1.0,0.3924265922933199,False,False,0.10289695449956193
baseline_smoke,residual,gpt2_small,apology,0,,,0.8,patched_vs_neutral,goemotions.realization,True,3,3,3,0.0018934423181538,0.0016254739603027,0.0009695928664418,0.0003452425093062,-0.0002679683578511,-0.3591045542352952,-0.0011273932177573,0.000215362990275,-1.003121845198338,2.901082846736575,-0.6219873331649047,0.597405982321072,1.0,0.6192548192507494,False,False,0.06774893844033684
baseline_smoke,residual,gpt2_small,apology,0,,,0.8,patched_vs_neutral,goemotions.relief,True,3,3,3,0.0001886068348539,6.278500344099787e-05,0.0002011028359286,1.2925611078045098e-05,-0.000125821831413,-0.6685556166012883,-0.0003431040022405,-1.3956661859992892e-05,-4.90361750234822,0.0,-1.15797229563897,0.3664710850017552,1.0,0.3889405389433868,False,False,0.11011421990767024
baseline_smoke,residual,gpt2_small,apology,0,,,0.8,patched_vs_neutral,goemotions.remorse,True,3,3,3,0.0002078876811234,0.0001922412338899,0.0001375641668013,3.473972235774617e-05,-1.5646447233545285e-05,-0.1507552279517705,-0.0001350071834167,5.333565059117973e-05,-0.8002870745084852,4.388395851646902,-0.2611157143190943,0.8184322577110915,1.0,0.9767353138977088,False,False,0.053152409880257365
baseline_smoke,residual,gpt2_small,apology,0,,,0.8,patched_vs_neutral,goemotions.sadness,True,3,3,3,0.000390369988357,0.0004717740618313,8.307673324622616e-05,6.194172179617884e-05,8.140407347430785e-05,0.5798622748603529,-6.983574712648988e-05,0.0002075500960927,-0.1086168378176479,2.9800905772941566,1.0043509214506006,0.4209787000141693,1.0,0.4570483303532953,False,False,0.0955863375924009
baseline_smoke,residual,gpt2_small,apology,0,,,0.8,patched_vs_neutral,goemotions.surprise,True,3,3,3,0.0019326240580994,0.0020823714245731,0.0013067457736644,0.0005047768545508,0.0001497473664736,0.1811014696517444,-0.000633074901998,0.0010145567648578,-0.9872372278233448,1.2786597724379292,0.3136769467622144,0.7834594856021685,1.0,0.9812827900203552,False,False,0.054545924956873694
baseline_smoke,residual,gpt2_small,apology,0,,,0.8,patched_vs_neutral,politeness.NEUTRAL,True,3,3,3,0.9992814461390176,0.9970468282699584,0.000284148165877,0.0021630244916467,-0.0022346178690592,-1.004705152030313,-0.004729151725769,-0.0004583597183227,-1.9721724790224973,0.0,-1.740200369942715,0.223951646813187,1.0,0.4061905829576522,False,False,0.18038682604751757
baseline_smoke,residual,gpt2_small,apology,0,,,0.8,patched_vs_neutral,politeness.NOT_POLITE,True,3,3,3,0.0002329893177375,0.0024263144975217,2.7486137775937303e-05,0.0020912393479977,0.0021933251797842,1.049622053953409,0.0003567118255887,0.0044668830523733,0.0,2.277053557908356,1.817998726192105,0.2106929271358364,1.0,0.2731874429222397,False,False,0.19137326872040675
baseline_smoke,residual,gpt2_small,apology,0,,,0.8,patched_vs_neutral,politeness.POLITE,True,3,3,3,0.0001217928244538,0.0001915237614108,2.5368795075315693e-05,3.0287663490745387e-05,6.973093695705757e-05,1.4121704435204687,1.3032171409577131e-05,0.0001032936925184,0.0,16.581400009109284,2.445950957124527,0.1342878926772022,0.8057273560632134,0.2349978898138502,False,False,0.29032542104922177
baseline_smoke,residual,gpt2_small,apology,0,,,0.8,patched_vs_neutral,politeness.SOMEWHAT_POLITE,True,3,3,3,0.0003637699361812,0.0003352991770952,0.0002347365010696,7.141220037406757e-05,-2.8470759086000424e-05,-0.1365458123626884,-0.0002530917990952,0.0001589011662872,-1.0966391001060156,1.2559813347144204,-0.2365042845729429,0.8350568062818606,1.0,0.8790509637982198,False,False,0.05258692757246472
baseline_smoke,residual,gpt2_small,apology,6,,,0.8,patched_vs_neutral,goemotions.admiration,True,3,3,3,0.2307364158041309,0.0005402365932241,0.3987760365411946,5.481723165185819e-05,-0.2301961792109068,-0.577335456492047,-0.6906003288459033,0.0001265376631636,-1.1549883744853515,0.3309965706172862,-0.9999743436551964,0.422659606068774,1.0,0.4231907044827365,False,False,0.0951994921791331
baseline_smoke,residual,gpt2_small,apology,6,,,0.8,patched_vs_neutral,goemotions.amusement,True,3,3,3,0.0004251103625089,0.000679913869438,0.0002718796966723,9.474194688290332e-05,0.0002548035069291,0.9457475465761764,6.029941141605377e-05,0.0005623253091471,0.0,2.4364071616171827,1.638082801803551,0.24306401251334,1.0,0.291676815016008,False,False,0.1664861111043074
baseline_smoke,residual,gpt2_small,apology,6,,,0.8,patched_vs_neutral,goemotions.anger,True,3,3,3,0.0005329236737452,0.0008726802382928,0.0003175116165655,0.0002200599557353,0.0003397565645476,1.2201704662539254,0.0001452395226806,0.0006587283860426,0.0,4.745253062818355,2.113397241446805,0.1689096401213251,1.0,0.2085208835357774,False,False,0.23588167757738776
baseline_smoke,residual,gpt2_small,apology,6,,,0.8,patched_vs_neutral,goemotions.annoyance,True,3,3,3,0.0019657583907246,0.0032437743308643,0.0016851177145698,0.0009432848485874,0.0012780159401396,1.5995789762886157,0.000367370666936,0.0018613904248923,0.0,12.011389507682589,2.770552057650894,0.1093248989571521,0.6559493937429126,0.2346706663397924,False,False,0.34655458804291966
baseline_smoke,residual,gpt2_small,apology,6,,,0.8,patched_vs_neutral,goemotions.approval,True,3,3,3,0.0108517986179019,0.0024974586752553,0.0123296261450444,0.0003371661934478,-0.0083543399426465,-0.6927704269181604,-0.0220559851732105,0.0006472676759585,-1.4986602379966265,0.0,-1.1999135774034355,0.3530304526680039,1.0,0.4056682063733305,False,False,0.114394053816263
baseline_smoke,residual,gpt2_small,apology,6,,,0.8,patched_vs_neutral,goemotions.caring,True,3,3,3,0.0009263774263672,0.0007090929235952,0.0006112853188549,0.0001552065494496,-0.0002172845027719,-0.3372634293456183,-0.0009026108309626,0.000213097926462,-1.4337665160699256,0.7219139102431325,-0.5841573951615273,0.6182254937986968,1.0,0.9174663077849786,False,False,0.06567294647916204
baseline_smoke,residual,gpt2_small,apology,6,,,0.8,patched_vs_neutral,goemotions.confusion,True,3,3,3,0.3745514011631409,0.1272952780127525,0.516691584508088,0.0732268386083442,-0.2472561231503884,-0.442879775028039,-0.891807459294796,0.0852594505995512,-1.0374068526938507,6.633346045372731,-0.7670902719932376,0.5232085336015143,1.0,0.5232085336015143,False,False,0.07686439194550845
baseline_smoke,residual,gpt2_small,apology,6,,,0.8,patched_vs_neutral,goemotions.curiosity,True,3,3,3,0.2049286694576343,0.4954906404018402,0.1852924558330852,0.0979881444308211,0.2905619709442059,1.0425453027476357,0.0030764937400817,0.5595653261989355,0.0,3.2913660162246083,1.8057414335511817,0.212711863010444,1.0,0.2145128941815859,False,False,0.1896204193354433
baseline_smoke,residual,gpt2_small,apology,6,,,0.8,patched_vs_neutral,goemotions.desire,True,3,3,3,0.0005857345143643,0.0007870943033291,0.0003208392493208,0.0004053619017745,0.0002013597889648,0.3387938111314082,-0.0001792715047486,0.0008862294489517,-3.487258392630187,0.9745473921321194,0.5868080941694933,0.6167470993852193,1.0,0.6431552452030477,False,False,0.06581431255361742
baseline_smoke,residual,gpt2_small,apology,6,,,0.8,patched_vs_neutral,goemotions.disappointment,True,3,3,3,0.0005912013972798,0.0007207328259634,9.235630145479774e-05,0.0001039588178175,0.0001295314286835,2.14267391261088,7.925811223685741e-05,0.0001966088893823,0.0,5.256357923511176,3.71122008069444,0.0655470682472632,0.3932824094835793,0.1466325096463602,False,False,0.5145769866270936
baseline_smoke,residual,gpt2_small,apology,6,,,0.8,patched_vs_neutral,goemotions.disapproval,True,3,3,3,0.0012494617452224,0.0012845114494363,0.0003222051971956,0.0004710219070242,3.5049704213937126e-05,0.2252753747016094,-0.0001240978017449,0.0001868112012743,-0.713343066107081,1.6637953445801514,0.3901883946773041,0.7340326695720067,1.0,0.8714296411431284,False,False,0.05702483685777544
baseline_smoke,residual,gpt2_small,apology,6,,,0.8,patched_vs_neutral,goemotions.disgust,True,3,3,3,0.0002435112352638,0.0003663050301838,0.0001318577681024,8.220326301393863e-05,0.00012279379492,2.3075779097007367,6.242102244868875e-05,0.0001628796599106,0.0,13.67167503143532,3.996842182025263,0.05727374608516,0.3436424765109605,0.0953473603806384,False,False,0.563977848844871
baseline_smoke,residual,gpt2_small,apology,6,,,0.8,patched_vs_neutral,goemotions.embarrassment,True,3,3,3,0.0001650156045798,0.0002367937801561,5.303136318521461e-05,4.410234945785924e-05,7.177817557627957e-05,1.85239046772022,2.790337020996958e-05,0.0001013137225527,0.0,10.970240049677646,3.2084344055476968,0.0849482546363314,0.5096895278179885,0.1727804723459989,False,False,0.4248522398175821
baseline_smoke,residual,gpt2_small,apology,6,,,0.8,patched_vs_neutral,goemotions.excitement,True,3,3,3,0.0054406685618838,0.0008073041099123,0.0085268460633733,0.000291301698811,-0.0046333644519715,-0.5609843861593482,-0.0141662678215652,0.0003772600612137,-1.1683898589736372,0.7607052343681892,-0.9716534590808298,0.4337159204257795,1.0,0.4423489418265973,False,False,0.09273316643006178
baseline_smoke,residual,gpt2_small,apology,6,,,0.8,patched_vs_neutral,goemotions.fear,True,3,3,3,0.0003572484711185,0.0004126276277626,9.19469711100072e-05,2.4867625878664885e-05,5.5379156644145645e-05,0.5152322785257595,-2.9817165341228247e-05,0.0001761372259352,-0.4631511482599166,1.3742808871528396,0.8924084841060944,0.4663400700499547,1.0,0.57784911034819,False,False,0.08617614816886515
baseline_smoke,residual,gpt2_small,apology,6,,,0.8,patched_vs_neutral,goemotions.gratitude,True,3,3,3,0.0006244851877757,0.0003065152268391,0.0004175115969413,1.663514256336192e-05,-0.0003179699609366,-0.7874128049262719,-0.0007536118500865,4.382856423035264e-05,-1.9846355891047545,0.0,-1.363838984662624,0.3058293394145244,1.0,0.3772753840155985,False,False,0.13235363612207085
baseline_smoke,residual,gpt2_small,apology,6,,,0.8,patched_vs_neutral,goemotions.grief,True,3,3,3,0.0001060044620923,0.0001069484327066,4.661134298915402e-05,5.588344194570494e-06,9.43970614268134e-07,0.0183078199301934,-5.582073936238885e-05,4.487845581024885e-05,-0.8118938910188834,1.9217210667209617,0.0317100742949171,0.9775832259040764,1.0,0.9988692821393031,False,False,0.05004656741287922
baseline_smoke,residual,gpt2_small,apology,6,,,0.8,patched_vs_neutral,goemotions.joy,True,3,3,3,0.0027340358744064,0.0003711990333007,0.0040855732614976,0.0001381137676076,-0.0023628368411057,-0.5985273695133912,-0.0069205237086862,-1.0826537618413568e-05,-1.2828467424109626,0.0,-1.036679813717745,0.4087884465956871,1.0,0.4242528795166091,False,False,0.09849092055512693
baseline_smoke,residual,gpt2_small,apology,6,,,0.8,patched_vs_neutral,goemotions.love,True,3,3,3,0.0018615320441313,0.0006256690927936,0.0022017625486457,0.0001661345131274,-0.0012358629513376,-0.6039649880828812,-0.0035983162233605,-1.9320345018059012e-05,-1.6284779668210003,0.0,-1.046098045352282,0.4053112815447758,1.0,0.6873467838381705,False,False,0.099352607289049
baseline_smoke,residual,gpt2_small,apology,6,,,0.8,patched_vs_neutral,goemotions.nervousness,True,3,3,3,0.0002847547245134,0.0002031593467108,0.0001441055133133,2.3195852441932604e-05,-8.159537780253838e-05,-0.6043661385348803,-0.0002355374163016,1.6683959984220564e-05,-1.3689929941005206,0.1007291933844554,-1.0467928583166233,0.4050560720576737,1.0,0.4340432477393177,False,False,0.09941645252939262
baseline_smoke,residual,gpt2_small,apology,6,,,0.8,patched_vs_neutral,goemotions.neutral,True,3,3,3,0.1543031412487228,0.3566690484682719,0.2526493546183572,0.0243808101647075,0.202365907219549,0.878584152697644,-0.0633598566055297,0.3449818287044763,0.0,30.05546171569388,1.521752391197172,0.2674844600916315,1.0,0.5999431914964124,False,False,0.15141510686162288
baseline_smoke,residual,gpt2_small,apology,6,,,0.8,patched_vs_neutral,goemotions.optimism,True,3,3,3,0.0017606911909145,0.0013037324339772,0.000973981583125,0.0003675883652939,-0.0004569587569373,-0.5629650523583926,-0.0011409443104639,0.0004399932804517,-3.618177346580086,0.1092683448253928,-0.975084073570409,0.4323600034682026,1.0,0.5956684803892308,False,False,0.09302850371518326
baseline_smoke,residual,gpt2_small,apology,6,,,0.8,patched_vs_neutral,goemotions.pride,True,3,3,3,0.0001611161308877,2.1211274846185308e-05,0.0002257491278333,2.373599749533105e-06,-0.0001399048560415,-0.6245806229898653,-0.0003984921058872,-5.650141247315332e-06,-2.14100918870125,0.0,-1.081805372441469,0.39242659229332,1.0,0.3924265922933199,False,False,0.10268253327916477
baseline_smoke,residual,gpt2_small,apology,6,,,0.8,patched_vs_neutral,goemotions.realization,True,3,3,3,0.0018934423181538,0.001666232283848,0.0009695928664418,0.0003900035954382,-0.0002272100343058,-0.3361996986947966,-0.0010051182471215,0.000215362990275,-0.9864729432239686,2.901082846736575,-0.5823149596287357,0.6192548192507494,1.0,0.6192548192507494,False,False,0.0655750509076032
baseline_smoke,residual,gpt2_small,apology,6,,,0.8,patched_vs_neutral,goemotions.relief,True,3,3,3,0.0001886068348539,6.293365610569406e-05,0.0002011028359286,1.278169048444642e-05,-0.0001256731787483,-0.6672953530189376,-0.0003431040022405,-1.351070386590436e-05,-4.549072010079076,0.0,-1.1557894550834098,0.3671868158378446,1.0,0.3889405389433868,False,False,0.1098950893194068
baseline_smoke,residual,gpt2_small,apology,6,,,0.8,patched_vs_neutral,goemotions.remorse,True,3,3,3,0.0002078876811234,0.0001915733640392,0.0001375641668013,3.550132560908427e-05,-1.6314317084227998e-05,-0.1579220346709,-0.0001350071834167,5.333565059117973e-05,-0.8167430005375134,3.905580156124163,-0.2735289876846526,0.8101050814663192,1.0,0.9767353138977088,False,False,0.05345870214686893
baseline_smoke,residual,gpt2_small,apology,6,,,0.8,patched_vs_neutral,goemotions.sadness,True,3,3,3,0.000390369988357,0.0004720583286446,8.307673324622616e-05,6.187542553277392e-05,8.168834028765559e-05,0.5815679428733994,-6.983574712648988e-05,0.0002075500960927,-0.1053152695939886,3.0103680678451363,1.0073052251100425,0.4198482019834014,1.0,0.4570483303532953,False,False,0.09584832939575391
baseline_smoke,residual,gpt2_small,apology,6,,,0.8,patched_vs_neutral,goemotions.surprise,True,3,3,3,0.0019326240580994,0.0020552843731517,0.0013067457736644,0.0004846686405291,0.0001226603150522,0.1473906404464676,-0.000633074901998,0.0010145567648578,-1.192443045332405,1.131954465073321,0.2552880778133982,0.8223552328971324,1.0,0.9812827900203552,False,False,0.05301348870972214
baseline_smoke,residual,gpt2_small,apology,6,,,0.8,patched_vs_neutral,politeness.NEUTRAL,True,3,3,3,0.9992814461390176,0.9969290494918824,0.000284148165877,0.0020085640047672,-0.0023523966471354,-1.1264832160098508,-0.004729151725769,-0.0008116960525512,-3.14988476249302,0.0,-1.951126164002648,0.1903199673059931,1.0,0.4061905829576522,False,False,0.21091350903626271
baseline_smoke,residual,gpt2_small,apology,6,,,0.8,patched_vs_neutral,politeness.NOT_POLITE,True,3,3,3,0.0002329893177375,0.0025315375144903,2.7486137775937303e-05,0.0019544439168717,0.0022985481967528,1.1760363461292187,0.0006723808764945,0.0044668830523733,0.0,2.277053557908356,2.0369547030434645,0.178566120876454,1.0,0.2731874429222397,False,False,0.22397150330495577
baseline_smoke,residual,gpt2_small,apology,6,,,0.8,patched_vs_neutral,politeness.POLITE,True,3,3,3,0.0001217928244538,0.000196568085812,2.5368795075315693e-05,3.137445092663188e-05,7.477526135820274e-05,1.3970720994024033,1.3032171409577131e-05,0.0001079999201465,0.0,39.170270052514965,2.41979985800188,0.1366350213897386,0.8198101283384318,0.2349978898138502,False,False,0.2859094991923591
baseline_smoke,residual,gpt2_small,apology,6,,,0.8,patched_vs_neutral,politeness.SOMEWHAT_POLITE,True,3,3,3,0.0003637699361812,0.000342788232956,0.0002347365010696,5.84748681788456e-05,-2.0981703225212797e-05,-0.0994848206372275,-0.0002530917990952,0.0001589011662872,-0.964367334315992,1.5786444568529732,-0.1723127639255547,0.8790509637982198,1.0,0.8790509637982198,False,False,0.05137410160478977
baseline_smoke,head,gpt2_small,,0,0.0,0:0,,patched_vs_neutral,emotion_keywords.anger,True,3,3,3,0.0,0.0,0.0,0.0,0.0,,0.0,0.0,0.0,0.0,,,,,False,False,
baseline_smoke,head,gpt2_small,,0,0.0,0:0,,patched_vs_neutral,emotion_keywords.apology,True,3,3,3,0.0,0.0,0.0,0.0,0.0,,0.0,0.0,0.0,0.0,,,,,False,False,
baseline_smoke,head,gpt2_small,,0,0.0,0:0,,patched_vs_neutral,emotion_keywords.gratitude,True,3,3,3,0.0,0.0,0.0,0.0,0.0,,0.0,0.0,0.0,0.0,,,,,False,False,
baseline_smoke,head,gpt2_small,,0,0.0,0:0,,patched_vs_neutral,politeness,True,3,3,3,0.0,0.0,0.0,0.0,0.0,,0.0,0.0,0.0,0.0,,,,,False,False,
baseline_smoke,head,gpt2_small,,0,0.0,0:0,,patched_vs_neutral,sentiment,True,3,3,3,0.3333333333333333,0.3333333333333333,0.5773502691896258,0.5773502691896258,0.0,,0.0,0.0,0.0,0.0,,,,,False,False,
